<?xml version="1.0" encoding="utf-8"?>
<window type="dialog">
	<allowoverlay>no</allowoverlay>
	<defaultcontrol always="false">4001</defaultcontrol>
	<coordinates>
		<system>1</system>
		<posx>700</posx>
		<posy>268</posy>
	</coordinates>
    <animation effect="slide" start="300,0" end="0,0" time="500">WindowOpen</animation>
    <animation effect="slide" start="0,0" end="300,0" time="500">WindowClose</animation>
    <controls>

        <control type="image">
            <posx>0</posx>
            <posy>0</posy>
            <width>513</width>
            <height>451</height>
            <texture>tvguide-menu-bkgrd.png</texture>
        </control>
        <control type="image">
            <posx>-700</posx>
            <posy>-268</posy>
            <width>1280</width>
            <height>720</height>
            <texture>menu_bg.png</texture>
        </control>
			<control type="image">
                <description>iVue logo</description>
                <posx>62</posx>
                <posy>-231</posy>
                <width>100</width>
                <height>35</height>
                <aspectratio>keep</aspectratio>
                <fadetime>500</fadetime>
                <texture>iVuetvguide-logo.png</texture>
            </control>

            <!-- Date and time row -->
            <control type="label">
                <description>date (short)</description>
                <posx>520</posx>
                <posy>-75</posy>
                <width>180</width>
                <height>100</height>
                <textcolor>blue</textcolor>
                <font>[B]font13[/B]</font>
				<align>right</align>
                <aligny>center</aligny>
				<label>$INFO[System.Date(dd:mm:yyyy)]</label>
				<visible>true</visible>
            </control>
				
			<control type="label">
                <description>clock</description>
                <posx>299</posx>
                <posy>-75</posy>
                <width>500</width>
                <height>100</height>
                <textcolor>blue</textcolor>
                <font>font13</font>
				<align>right</align>
                <aligny>center</aligny>
				<label>$INFO[System.Time(hh:mm:xx)]</label>
			</control>

			
			<control type="image" id="4100">
				<posx>-627</posx>
				<posy>-233</posy>
				<width>80</width>
				<height>40</height>
				<aspectratio>keep</aspectratio>
			</control>
				
				<control type="label">
                    <description>Selected</description>
                    <posx>-626</posx>
                    <posy>-196</posy>
                    <width>150</width>
                    <height>16</height>
                    <textcolor>ffffffff</textcolor>
                    <font>font13</font>
					<align>left</align>
                    <aligny>center</aligny>
					<label>Selected</label>
<visible>false</visible>
                </control>
				
				<control type="label">
                    <description>Channel</description>
                    <posx>-625</posx>
                    <posy>-176</posy>
                    <width>160</width>
                    <height>16</height>
                    <textcolor>ffffffff</textcolor>
                    <font>font13</font>
					<align>left</align>
                    <aligny>center</aligny>
					<label>Channel</label>
<visible>false</visible>
                </control>

			
        <control type="label" id="4101">
            <posx>-0</posx>
            <posy>-0</posy>
            <width>240</width>
            <height>30</height>
            <align>center</align>
            <aligny>center</aligny>
            <font>osdTitle</font>
            <textcolor>ffffffff</textcolor>
<visible>false </visible>
        </control>

        <control type="button" id="4000"><!-- watch -->
            <posx>-628</posx>
            <posy>-120</posy>
            <width>240</width>
            <height>30</height>
            <texturefocus>menu button-focus.png</texturefocus>
			<texturenofocus>menu button.png</texturenofocus>
            <onup>4000</onup>
            <ondown>4002</ondown>
            <align>center</align>
            <aligny>center</aligny>
            <font>font13</font>
            <textcolor>ffffffff</textcolor>
<visible>false </visible>
        </control>

        <control type="button" id="4442"><!-- SuperFaves -->
            <onclick>RunAddon(plugin.program.super.favourites)</onclick>
            <posx>-378</posx>
            <posy>-145</posy>
            <width>240</width>
            <height>30</height>
            <texturefocus>menu button-focus.png</texturefocus>
			<texturenofocus>menu button.png</texturenofocus>
            <onup>4445</onup>
            <ondown>30009</ondown>
            <onleft>4001</onleft>
            <onright>4001</onright>
            <align>center</align>
            <aligny>center</aligny>
            <font>tvg_font13</font>
            <textcolor>ffffffff</textcolor>
			<label>$ADDON[script.ivueguide 80004]</label>
			<visible>true</visible>
        </control>
		
        <control type="label" id="4102"><!-- Show Title -->
            <posx>-750</posx>
            <posy>-140</posy>
            <width>500</width>
            <height>30</height>
            <align>center</align>
            <aligny>center</aligny>
            <font>tvg_font13</font>
            <textcolor>ffffffff</textcolor>
<visible>false </visible>
        </control>
		
        <control type="button" id="4002"><!-- REMINDER -->
            <posx>-628</posx>
            <posy>-65</posy>
            <width>240</width>
            <height>30</height>
            <texturefocus>menu button-focus.png</texturefocus>
			<texturenofocus>menu button.png</texturenofocus>
            <onup>4003</onup>
            <ondown>30011</ondown>
            <onleft>4004</onleft>
            <onright>4004</onright>
            <align>center</align>
            <aligny>center</aligny>
            <font>tvg_font13</font>
            <textcolor>ffffffff</textcolor>
        </control>
		
        <control type="button" id="80000"><!-- GENESIS -->
            <posx>130</posx>
            <posy>130</posy>
            <width>240</width>
            <height>30</height>
            <texturefocus>tvguide-program-menu-focus.png</texturefocus>
			<texturenofocus>tvguide-program-grey2.png</texturenofocus>
            <onup>4002</onup>
            <ondown>80001</ondown>
            <align>center</align>
            <aligny>center</aligny>
            <font>font13</font>
            <textcolor>ffffffff</textcolor>
			<label>$ADDON[script.ivueguide 80000]</label>
<visible>false </visible>
        </control>

        <control type="button" id="80003"><!-- My Recordings -->
            <posx>130</posx>
            <posy>220</posy>
            <width>240</width>
            <height>30</height>
            <texturefocus>tvguide-program-menu-focus.png</texturefocus>
			<texturenofocus>tvguide-program-grey2.png</texturenofocus>
            <onup>80002</onup>
            <ondown>80004</ondown>
            <align>center</align>
            <aligny>center</aligny>
            <font>font13</font>
            <textcolor>ffffffff</textcolor>
			<label>$ADDON[script.ivueguide 80003]</label>
<visible>false </visible>
        </control>
		
        <control type="button" id="4001"><!-- Choose Stream -->
            <posx>-628</posx>
            <posy>-145</posy>
            <width>240</width>
            <height>30</height>
           <texturefocus>menu button-focus.png</texturefocus>
			<texturenofocus>menu button.png</texturenofocus>
            <onup>4002</onup>
            <ondown>4003</ondown>
            <onleft>4442</onleft>
            <onright>4442</onright>
            <align>center</align>
            <aligny>center</aligny>
            <font>tvg_font13</font>
            <textcolor>ffffffff</textcolor>
            <label>$ADDON[script.ivueguide 30304]</label>
        </control>
#        <control type="label"> <!-- Choose Stream Text -->
#            <posx>-628</posx>
#            <posy>-20</posy>
#            <width>240</width>
#            <height>200</height>
#            <font>tvg_font13</font>
#            <textcolor>ffffffff</textcolor>
#            <label>$ADDON[script.ivueguide 30305]</label>
#            <wrapmultiline>true</wrapmultiline>
#        </control>

        <control type="button" id="4003"><!-- CHANNELS -->
            <posx>-628</posx>
            <posy>-105</posy>
            <width>240</width>
            <height>30</height>
            <texturefocus>menu button-focus.png</texturefocus>
			<texturenofocus>menu button.png</texturenofocus>
            <onup>4001</onup>
            <ondown>4002</ondown>
            <onleft>30009</onleft>
            <onright>30009</onright>
            <align>center</align>
            <aligny>center</aligny>
            <font>tvg_font13</font>
            <textcolor>ffffffff</textcolor>
            <label>$ADDON[script.ivueguide 30307]</label>
        </control>

        <control type="button" id="30009"><!-- edit shortcuts -->
            <posx>-378</posx>
            <posy>-105</posy>
            <width>240</width>
            <height>30</height>
            <texturefocus>menu button-focus.png</texturefocus>
			<texturenofocus>menu button.png</texturenofocus>
            <onup>4442</onup>
            <ondown>4004</ondown>
            <onleft>4003</onleft>
            <onright>4003</onright>
            <align>center</align>
            <aligny>center</aligny>
            <font>tvg_font13</font>
            <textcolor>ffffffff</textcolor>
			<label>Edit Shortcuts</label>
			<visible>true </visible>
        </control>
		
        <control type="button" id="4004"><!-- Exit guide -->
            <posx>-378</posx>
            <posy>-65</posy>
            <width>240</width>
            <height>30</height>
            <texturefocus>menu button-focus.png</texturefocus>
			<texturenofocus>menu button.png</texturenofocus>
            <onup>30009</onup>
            <ondown>30011</ondown>
            <onleft>4002</onleft>
            <onright>4002</onright>
            <align>center</align>
            <aligny>center</aligny>
            <font>tvg_font13</font>
            <textcolor>ffffffff</textcolor>
			<label>$ADDON[script.ivueguide 30308]</label>
<visible>true</visible>
        </control>

        <control type="button" id="30011"><!-- Shortcut 1 -->
            <posx>-628</posx>
            <posy>32</posy>
            <width>278</width>
            <height>167</height>
            <texturefocus>shortcut_focus.png</texturefocus>
			<texturenofocus>shortcut.png</texturenofocus>
            <onup>4002</onup>
            <ondown>30015</ondown>
            <onleft>30014</onleft>
            <onright>30012</onright>
			<label>$ADDON[script.ivueguide 80005]</label>
		</control>

        <control type="label" id="31011"><!-- Shortcut1 Title -->
            <posx>-615</posx>
            <posy>156</posy>
            <width>251.5</width>
            <height>30</height>
            <align>center</align>
            <aligny>center</aligny>
            <font>tvg_font13</font>
            <textcolor>ffffffff</textcolor>
			<visible>true</visible>
        </control>

			<control type="image" id="32011"><!-- Shortcut1 image -->

				<posx>-620.8</posx>
				<posy>39</posy>
				<width>263.7</width>
				<height>117</height>
				<aspectratio></aspectratio>
				<visible>true</visible>
			</control>

        <control type="button" id="30012"><!-- shortcut 2 -->
            <posx>-342</posx>
            <posy>32</posy>
            <width>278</width>
            <height>167</height>
            <texturefocus>shortcut_focus.png</texturefocus>
			<texturenofocus>shortcut.png</texturenofocus>
            <onup>4002</onup>
            <ondown>30016</ondown>
            <onleft>30011</onleft>
            <onright>30013</onright>
			<label>$ADDON[script.ivueguide 80005]</label>
		</control>

        <control type="label" id="31012"><!-- Shortcut2 Title -->
            <posx>-329</posx>
            <posy>156</posy>
            <width>251.5</width>
            <height>30</height>
            <align>center</align>
            <aligny>center</aligny>
            <font>tvg_font13</font>
            <textcolor>ffffffff</textcolor>
			<visible>true</visible>
        </control>

			<control type="image" id="32012"><!-- Shortcut2 image -->
				<posx>-334.8</posx>
				<posy>39</posy>
				<width>263.7</width>
				<height>117</height>
				<aspectratio></aspectratio>
				<visible>true</visible>
			</control>
		

        <control type="button" id="30013"><!-- Shortcut 3 -->
            <posx>-56</posx>
            <posy>32</posy>
            <width>278</width>
            <height>167</height>
            <texturefocus>shortcut_focus.png</texturefocus>
			<texturenofocus>shortcut.png</texturenofocus>
            <onup>4002</onup>
            <ondown>30017</ondown>
            <onleft>30012</onleft>
            <onright>30014</onright>
			<label>$ADDON[script.ivueguide 4447]</label>
		</control>

        <control type="label" id="31013"><!-- Shortcut3 Title -->
            <posx>-43</posx>
            <posy>156</posy>
            <width>251.5</width>
            <height>30</height>
            <align>center</align>
            <aligny>center</aligny>
            <font>tvg_font13</font>
            <textcolor>ffffffff</textcolor>
			<visible>true</visible>
        </control>

			<control type="image" id="32013"><!-- Shortcut3 image -->
				<posx>-48.8</posx>
				<posy>39</posy>
				<width>263.7</width>
				<height>117</height>
				<aspectratio></aspectratio>
				<visible>true</visible>
			</control>
		
        <control type="button" id="30014"><!-- Shortcut 4 -->
            <posx>230</posx>
            <posy>32</posy>
            <width>278</width>
            <height>167</height>
            <texturefocus>shortcut_focus.png</texturefocus>
			<texturenofocus>shortcut.png</texturenofocus>
            <onup>4002</onup>
            <ondown>30018</ondown>
            <onleft>30013</onleft>
            <onright>30011</onright>
			<label>$ADDON[script.ivueguide 80005]</label>
		</control>

        <control type="label" id="31014"><!-- Shortcut4 Title -->
            <posx>243</posx>
            <posy>156</posy>
            <width>251.5</width>
            <height>30</height>
            <align>center</align>
            <aligny>center</aligny>
            <font>tvg_font13</font>
            <textcolor>ffffffff</textcolor>
			<visible>true</visible>
        </control>

			<control type="image" id="32014"><!-- Shortcut4 image -->
				<posx>237.2</posx>
				<posy>39</posy>
				<width>263.7</width>
				<height>117</height>
				<aspectratio></aspectratio>
				<visible>true</visible>
			</control>


        <control type="button" id="30015"><!-- Shortcut5 -->
            <posx>-628</posx>
            <posy>228</posy>
            <width>278</width>
            <height>167</height>
            <texturefocus>shortcut_focus.png</texturefocus>
			<texturenofocus>shortcut.png</texturenofocus>
            <onup>30011</onup>
            <ondown>30011</ondown>
            <onleft>30018</onleft>
            <onright>30016</onright>
			<label>$ADDON[script.ivueguide 80005]</label>
        </control>

        <control type="label" id="31015"><!-- Shortcut5 Title -->
            <posx>-615</posx>
            <posy>353</posy>
            <width>251.5</width>
            <height>30</height>
            <align>center</align>
            <aligny>center</aligny>
            <font>tvg_font13</font>
            <textcolor>ffffffff</textcolor>
			<visible>true</visible>
        </control>

			<control type="image" id="32015"><!-- Shortcut5 image -->

				<posx>-620.8</posx>
				<posy>235.2</posy>
				<width>263.7</width>
				<height>117</height>
				<aspectratio></aspectratio>
				<visible>true</visible>
			</control>
		
        <control type="button" id="30016"><!-- Shortcut 6-->
            <posx>-342</posx>
            <posy>228</posy>
            <width>278</width>
            <height>167</height>
            <texturefocus>shortcut_focus.png</texturefocus>
			<texturenofocus>shortcut.png</texturenofocus>
            <onup>30012</onup>
            <ondown>30012</ondown>
            <onleft>30015</onleft>
            <onright>30017</onright>
			<label>$ADDON[script.ivueguide 80005]</label>
        </control>

        <control type="label" id="31016"><!-- Shortcut6 Title -->
            <posx>-329</posx>
            <posy>353</posy>
            <width>251.5</width>
            <height>30</height>
            <align>center</align>
            <aligny>center</aligny>
            <font>tvg_font13</font>
            <textcolor>ffffffff</textcolor>
			<visible>true</visible>
        </control>

			<control type="image" id="32016"><!-- Shortcut6 image -->
				<posx>-334.8</posx>
				<posy>235.2</posy>
				<width>263.7</width>
				<height>117</height>
				<aspectratio></aspectratio>
				<visible>true</visible>
			</control>
		

        <control type="button" id="30017"><!-- Shortcut 7 -->
            <posx>-56</posx>
            <posy>228</posy>
            <width>278</width>
            <height>167</height>
            <texturefocus>shortcut_focus.png</texturefocus>
			<texturenofocus>shortcut.png</texturenofocus>
            <onup>30013</onup>
            <ondown>30013</ondown>
            <onleft>30016</onleft>
            <onright>30018</onright>
			<label>$ADDON[script.ivueguide 80005]</label>
		</control>

        <control type="label" id="31017"><!-- Shortcut7 Title -->
            <posx>-43</posx>
            <posy>353</posy>
            <width>251.5</width>
            <height>30</height>
            <align>center</align>
            <aligny>center</aligny>
            <font>tvg_font13</font>
            <textcolor>ffffffff</textcolor>
			<visible>true</visible>
        </control>

			<control type="image" id="32017"><!-- Shortcut7 image -->
				<posx>-48.8</posx>
				<posy>235.2</posy>
				<width>263.7</width>
				<height>117</height>
				<aspectratio></aspectratio>
				<visible>true</visible>
			</control>
		
		
        <control type="button" id="30018"><!-- Shortcut8 -->
            <posx>230</posx>
            <posy>228</posy>
            <width>278</width>
            <height>167</height>
            <texturefocus>shortcut_focus.png</texturefocus>
			<texturenofocus>shortcut.png</texturenofocus>
            <onup>30014</onup>
            <ondown>30014</ondown>
            <onleft>30017</onleft>
            <onright>30015</onright>
			<label>$ADDON[script.ivueguide 80005]</label>
        </control>

        <control type="label" id="31018"><!-- Shortcut8 Title -->
            <posx>243</posx>
            <posy>353</posy>
            <width>251.5</width>
            <height>30</height>
            <align>center</align>
            <aligny>center</aligny>
            <font>tvg_font13</font>
            <textcolor>ffffffff</textcolor>
			<visible>true</visible>
        </control>

			<control type="image" id="32018"><!-- Shortcut8 image -->
				<posx>237.2</posx>
				<posy>235.2</posy>
				<width>263.7</width>
				<height>117</height>
				<aspectratio></aspectratio>
				<visible>true</visible>
			</control>


        <control type="videowindow">
            <posx>200</posx>
            <posy>-230</posy>
            <width>320</width>
            <height>180</height>
        </control>
		
	</controls>
</window>
