<?xml version="1.0" encoding="UTF-8"?>
<addon id="resource.uisounds.appletv" version="0.0.2" name="AppleTv UI Sounds" provider-name="Fastcolors">

  <requires>
    <import addon="kodi.resource" version="1.0.0"/>
  </requires>

  <extension point="kodi.resource.uisounds"/>
  <extension point="kodi.addon.metadata">
    <summary lang="en">AppleTv navigation sounds</summary>
    <description lang="en">AppleTv navigation sounds</description>
    <platform>all</platform>
  </extension>
</addon>
