<?xml version="1.0" encoding="UTF-8" standalone="yes"?>
<addon id="script.get.build.windows" name="[COLOR gold]C[/COLOR]obra[COLOR gold]M[/COLOR]od [COLOR gold]I[/COLOR]nstaller [COLOR gold]W[/COLOR]indows" version="19.3.2+matrix" provider-name="cobra by TEAM.STUBE">
    <requires>
        <import addon="xbmc.python" version="3.0.0"/>
    </requires>
    <extension point="xbmc.python.script" library="main.py">
        <provides>executable</provides>
    </extension>
    <extension point="xbmc.addon.metadata">
        <summary lang="de_DE">Cobra Mod Installer by STUBEBOX</summary>
        <description lang="de_DE"></description>
        <language></language>
        <platform>windows-x86_64</platform>
        <license>unlicense</license>
        <forum></forum>
        <website></website>
        <email></email>
        <source></source>
        <news></news>
        <disclaimer></disclaimer>
        <assets>
            <icon>resources/icon.png</icon>
            <fanart>resources/fanart.jpg</fanart>
        </assets>
    </extension>
</addon>
