<?xml version="1.0" encoding="UTF-8" standalone="yes"?>
<addon id="resource.images.moviegenreicons.filmstrip-hd.colour" name="Movie Genre Icons - Filmstrip HD - coloured" version="0.0.2" provider-name="bsoriano, Mr. V">
	<extension point="kodi.resource.images" compile="true" type="moviegenreicons" />
	<requires>
		<import addon="kodi.resource" version="1.0.0"/>
	</requires>
	<extension point="xbmc.addon.metadata">
		<summary lang="en">Filmstrip coloured movie genre icons in high resolution</summary>
		<description lang="en">Filmstrip coloured movie genre icons created by bsoriano. Template by Mr. V, based on the original concept by frodo18.</description>
		<platform>all</platform>
		<license>Creative Commons Attribution 3.0</license>
	</extension>
</addon>
