<addon id="script.module.xbmcswift2" name="xbmcswift2" provider-name="Jonathan Beluch (jbel), enen92" version="19.0.5">
  <requires>
    <import addon="xbmc.python" version="3.0.0" />
  </requires>
  <extension library="lib" point="xbmc.python.module" />
  <extension point="xbmc.addon.metadata">
    <platform>all</platform>
    <source>https://github.com/XBMC-Addons/script.module.xbmcswift2</source>
    <license>GPL-3.0</license>
    <summary lang="en_GB">xbmcswift2 is a small framework to ease development of KODI addons.</summary>
    <description lang="en_GB">xbmcswift2 is a small framework to ease development of KODI addons.</description>
    <news>Fix error in loop</news>
    <assets>
      <icon>icon.png</icon>
    </assets>
  </extension>
</addon>