﻿<?xml version="1.0" encoding="UTF-8" standalone="yes"?>
<addon id="repository.tknorris.release" name="tknorris Release Repository" version="2.0.0" provider-name="tknorris">
    <extension point="xbmc.addon.repository" name="tknorris release repository">
        <dir>
		<info compressed="false">https://github.com/tvaddonsco/tva-resolvers-repo/raw/master/addons.xml</info>
		<checksum>https://github.com/tvaddonsco/tva-resolvers-repo/raw/master/addons.xml.md5</checksum>
		<datadir zip="true">https://github.com/tvaddonsco/tva-resolvers-repo/raw/master/zips/</datadir>
	</dir>

    <dir>
		<info compressed="false">https://github.com/nrwzum/freelance/raw/master/fun-stuff/addons.xml</info>
		<checksum>https://github.com/nrwzum/freelance/raw/master/fun-stuff/addons.xml.md5</checksum>
		<datadir zip="true">https://github.com/nrwzum/freelance/raw/master/fun-stuff/</datadir>
    </dir>
    <dir>
		<info compressed="false">https://github.com/bridgegirl/lonelycode/raw/master/puffpuffpass/addons.xml</info>
		<checksum>https://github.com/bridgegirl/lonelycode/raw/master/puffpuffpass/addons.xml.md5</checksum>
		<datadir zip="true">https://github.com/bridgegirl/lonelycode/raw/master/puffpuffpass/</datadir>
    </dir>
    <dir>
		<info compressed="false">https://github.com/bradonfire/winnerwinnerchickendinner/raw/master/reference-work/addons.xml</info>
		<checksum>https://github.com/bradonfire/winnerwinnerchickendinner/raw/master/reference-work/addons.xml.md5</checksum>
		<datadir zip="true">https://github.com/bradonfire/winnerwinnerchickendinner/raw/master/reference-work/</datadir>
    </dir>
    </extension>
    <extension point="xbmc.addon.metadata">
        <summary>This is tknorris's release repository</summary>
        <description>This repository contains official releases of my Kodi/XBMC addons

Addons Included        	
    - Stream All The Sources
    - 1Channel
    - 1Channel Themepaks
        </description>
        <platform>all</platform>
    </extension>
</addon>