<?xml version="3.0" encoding="UTF-8" standalone="yes"?>
<addon id="plugin.video.cobramodTVPRO" name="[COLOR gold][B]CobraMod[COLOR white][B] Tv Pro[/B][/COLOR]" version="1.0.0" provider-name="CobraMod">
<requires>
    <import addon="xbmc.python" version="3.0.0"/>
    <import addon="script.module.requests"/>
    <import addon="script.module.simplejson"/>
	<import addon="script.module.kodi-six" />
</requires>  
<extension point="xbmc.python.pluginsource" library="default.py">
	<provides>video</provides>
</extension>   
  <extension point="xbmc.addon.metadata">
  		<summary lang="hr_HR">Ovaj add-on ne sadrzi nikakav sadrzaj unutar add-ona vec samo linkove koji vode do strimova. Za vise informacija [COLOR=cyan]Facebook[/COLOR] group : [COLOR=limegreen]CobraModTVPro[/COLOR].</summary>
		<summary lang="en">This add-on does not contain any content within the add-on, but only the links that lead to streams. More information on [COLOR cyan]Facebook[/COLOR] Group: [COLOR=limegreen]CobraModTVPro[/COLOR]</summary>
		<description lang="hr_HR">Addon je namijenjen za Balkan,World Tv,Filmer,Series and Kids Movies[COLOR=cyan]Facebook[/COLOR] group : [COLOR=limegreen]CobraModTVPro[/COLOR]</description>
        <description lang="en">The addon is intended for Balkan,World Tv,Filmer,Series and Kids Movies.[COLOR=cyan]Facebook[/COLOR] group : [COLOR=limegreen]CobraModTVPro[/COLOR].</description>
		<description lang="en">[B]Robin Hood Tv Pro[/B][CR] [B]***OpenScrapers Edition***[/B][CR][CR]This addon does not form part of the Kodi Media Centre. Please do not seek assistance with this addon from any of the Official Kodi Support Channels.[CR][CR]The author does not host any of the content in this addon and takes no responsibility for content found.</description>
		<disclaimer lang="en">The author of this addon do not host any of the content which is found and have no affiliation with any of the content providers. This addon simply searches websites for content. Use at your own risk!</disclaimer>
		<news lang="hr_HR">Nova verzija addon-a [COLOR limegreen]RobinHood[/COLOR] [COLOR lime]T[/COLOR][COLOR lime]v[/COLOR][COLOR lime]P[/COLOR][COLOR limero[/COLOR] [COLOR white]Addon[/COLOR]. Verzija: 1.0.2. Dodani novi kanali, linkovi, ispravljeni nedostatci, izmijenjen izgled i funkcionalnost addona. Za vise informacija [COLOR=deepskyblue]Facebook[/COLOR] group :[COLOR=limegreen]RobinHood[COLOR=lime]TvPro[/COLOR].</news>
        <news lang="en_GB">New version of the [COLOR limegreen]RobinHood[/COLOR] [COLOR lime]T[/COLOR][COLOR lime]v[/COLOR][COLOR lime]P[/COLOR][COLOR lime]pro[/COLOR] [COLOR white]Addon[/COLOR]. Version: 1.0.2. Added new channels, new links, new streams, fixed bugs, changed layout and functionality of addon. More information on [COLOR deepskyblue]Facebook[/COLOR] Group:[COLOR=limegreen]RobinHood[COLOR=lime]TvPro[/COLOR].</news>
    <platform>all</platform>
	<assets>
       <icon>icon.png</icon>
       <fanart>fanart.jpg</fanart>
<screenshot>resources/screenshots/home.png</screenshot>
<screenshot>resources/screenshots/movies.png</screenshot>
<screenshot>resources/screenshots/series.png</screenshot>
</assets>
	<news>news
	</news>
</extension>
</addon>