<?xml version="1.0" encoding="UTF-8"?>
<addon id="plugin.video.sgktv" version="1.0.1" name="[COLORdeepskyblue]SGK[/COLOR]TV" provider-name="SGK">
<requires>
  <import addon="inputstream.adaptive" version="2.5.0"/>
  <import addon="script.module.inputstreamhelper" version="0.4.4"/>
  <import addon="plugin.video.tvnow.de" version="0.5.25+matrix.0" optional="true"/>
  <import addon="plugin.video.joyn" version="2.3.8+matrix.1" optional="true"/>
  <import addon="plugin.video.zappntv" version="1.3.4+matrix.1" optional="true"/>
  <import addon="slyguy.pluto.tv.provider" version="0.4.6" optional="true"/>
  <import addon="slyguy.samsung.tv.plus" version="0.1.1" optional="true"/>
  <import addon="xbmc.python" version="3.0.0"/>
</requires>
<extension point="xbmc.python.pluginsource" library="main.py">
  <provides>video</provides>
</extension>
<extension point="xbmc.addon.metadata">
  <summary lang="en_GB"></summary>
  <summary lang="de_DE"></summary>
  <description lang="en_GB">This add-on bundles all TV channels from [COLORdeepskyblue]DE[/COLOR], [COLORdeepskyblue]AT[/COLOR], [COLORdeepskyblue]CH[/COLOR] or add-ons such as [COLORdeepskyblue]TVnow[/COLOR], [COLORdeepskyblue]Joyn[/COLOR], [COLORdeepskyblue]Zappn[/COLOR], [COLORdeepskyblue]PlutoTV[/COLOR] and [COLORdeepskyblue]SamsungTV[/COLOR]. These add-ons have to be installed as a dependency. Sometimes a [COLORdeepskyblue]TVnow-[/COLOR] / [COLORdeepskyblue]Joyn+ account[/COLOR] or an [COLORdeepskyblue]AT[/COLOR] / [COLORdeepskyblue]CH-IP[/COLOR] or [COLORdeepskyblue]VPN[/COLOR] is required to play the TV channels.[CR]Thanks to the addon developers: [B]Pati, knaerzche, Maven, fayer3 and SlyGuy[/B][CR][CR]Support group: [COLORdeepskyblue]https://www.facebook.com/groups/kodiunlimited[/COLOR][CR]Donation link: [COLORdeepskyblue]https://www.paypal.me/KodiUnlimited[/COLOR]</description>
  <description lang="de_DE">Dieses Addon bündelt sämtliche TV-Sender aus [COLORdeepskyblue]DE[/COLOR], [COLORdeepskyblue]AT[/COLOR], [COLORdeepskyblue]CH[/COLOR] bzw. Addons wie z.B. [COLORdeepskyblue]TVnow[/COLOR], [COLORdeepskyblue]Joyn[/COLOR], [COLORdeepskyblue]Zappn[/COLOR], [COLORdeepskyblue]PlutoTV[/COLOR] und [COLORdeepskyblue]SamsungTV[/COLOR]. Diese Addons müssen als Abhängigkeit nachinstalliert werden. Teils wird ein [COLORdeepskyblue]TVnow-[/COLOR] / [COLORdeepskyblue]Joyn+ Account[/COLOR] bzw. eine [COLORdeepskyblue]AT[/COLOR] / [COLORdeepskyblue]CH-IP[/COLOR] oder [COLORdeepskyblue]VPN[/COLOR] benötigt um die TV-Sender wiederzugeben.[CR]Danke an die Addon-Entwickler: [B]Pati, knaerzche, Maven, fayer3 und SlyGuy[/B][CR][CR]Support-Gruppe: [COLORdeepskyblue]https://www.facebook.com/groups/kodiunlimited[/COLOR][CR]Spenden-Link: [COLORdeepskyblue]https://www.paypal.me/KodiUnlimited[/COLOR]</description>
  <disclaimer lang="en_GB">[B][COLORdeepskyblue]This is a third party addon and is unrelated to the official Kodi team.[/COLOR][/B]</disclaimer>
  <disclaimer lang="de_DE">[B][COLORdeepskyblue]Dies ist ein Drittanbieter-Addon und steht nicht in Zusammenhang mit dem offiziellen Team Kodi.[/COLOR][/B]</disclaimer>
  <assets>
    <icon>icon.png</icon>
    <fanart>fanart.jpg</fanart>
    <screenshot>resources/1.png</screenshot>
    <screenshot>resources/2.png</screenshot>
	<screenshot>resources/3.png</screenshot>
	<screenshot>resources/4.png</screenshot>
	<screenshot>resources/5.png</screenshot>
	<screenshot>resources/6.png</screenshot>
	<screenshot>resources/7.png</screenshot>
	<screenshot>resources/8.png</screenshot>
  </assets>
  <news></news>
</extension>
</addon>
