{
  "channels": [
    {
      "guid": "BF2B907D-D437-46DB-B802-F946850098FB",
      "name": "RTV Rijnmond",
      "description": {
        "en": "Video on demand for RTV Rijnmond.\n\n\"We are always on. We are there where it happens. Since 1983 via radio, since 1997 on TV and since 2000 online. We are Rijnmond. We are there!\"",
        "nl": "RTV Rijnmond Uitzendinggemist.\n\n\"Wij staan altijd aan. Wij zijn daar waar het gebeurt. Sinds 1983 op de radio. Sinds 1997 op tv. Sinds 2000 online. Wij zijn Rijnmond. Wij zijn erbij!\""
      },
      "icon": "rtvrijnmondlarge.png",
      "category": "Regional",
      "channelcode": "rtvrijnmond",
      "sortorder": 100,
      "language": "nl",
      "fanart": "rtvrijnmondfanart.png"
    },
    {
      "guid": "5B5FFB5A-2537-473C-AA80-8C256FA632DB",
      "name": "RTV Oost",
      "description": {
        "en": "Video on demand for RTV Oost.\n\nNews and messages from RTV Oost, the regional broadcaster for Overijssel. If something happened in Overijssel, you will see it at RTV Oost.",
        "nl": "RTV Oost Uitzendinggemist.\n\nNieuws en berichten van RTV Oost, de regionale omroep voor Overijssel. Gebeurt er iets in Overijssel? Dan zie je het bij RTV Oost."
      },
      "icon": "rtvoostlarge.png",
      "category": "Regional",
      "channelcode": "rtvoost",
      "sortorder": 100,
      "language": "nl",
      "fanart": "rtvoostfanart.jpg"
    },
    {
      "guid": "BD113683-233A-46EB-962D-98B3C02EB738",
      "name": "RTV Utrecht",
      "description": {
        "en": "Video on demand for RTV Utrecht.\n\nRTV Utrecht is the regional broadcaster for the province of Utrecht and consists of RTV Utrecht, Radio M Utrecht, UStad & Bingo FM.",
        "nl": "RTV Utrecht Uitzendinggemist.\n\nRTV Utrecht is de regionale omroep voor de provincie Utrecht en bestaat uit RTV Utrecht, Radio M Utrecht, UStad & Bingo FM."
      },
      "icon": "rtvutrechtlarge.png",
      "category": "Regional",
      "channelcode": "rtvutrecht",
      "sortorder": 100,
      "language": "nl",
      "fanart": "rtvutrechtfanart.png"
    },
    {
      "guid": "8B4A56C7-44D5-40C2-A890-2287C4C1D74B",
      "name": "Omroep Zeeland",
      "description": {
        "en": "Omroep Zeeland Uitzendinggemist.\n\nOmroep Zeeland is the regional broadcaster for the province of Zeeland. They are active on radio, television and internet.",
        "nl": "Video on demand for Omroep Zeeland.\n\nOmroep Zeeland is de regionale omroep voor de provincie Zeeland, actief op radio, televisie en internet."
      },
      "icon": "omroepzeelandlarge.png",
      "category": "Regional",
      "channelcode": "omroepzeeland",
      "sortorder": 100,
      "language": "nl",
      "fanart": "omroepzeelandfanart.jpg"
    }
  ]
}