<?xml version="1.0" encoding="UTF-8" standalone="yes"?>
<addon id="repository.cobramod"
		name="[COLOR gold]Cobra Mod Repository [/COLOR]"
		version="1.0.3"
		provider-name="CobraMod">
  <requires>
    <import addon="xbmc.addon" version="12.0.0"/>
  </requires>
	<extension point="xbmc.addon.repository">
		<!-- Do not forget to bump add-on version when changing paths to force a repo refresh -->
		<info>https://cobramod.net/Kodi/repo/addons.xml</info>
		<checksum verify="sha256">https://cobramod.net/Kodi/repo/sha256.php</checksum>
		<datadir>https://cobramod.net/Kodi/repo</datadir>
		<hashes>sha256</hashes>
	</extension>
	<extension point="xbmc.addon.metadata">
		<summary lang="de_DE">Installiere Addons von Cobramod.net</summary>
		<summary lang="en_GB">Install Add-ons from Cobramod.net</summary>
		<summary lang="hr_HR">Instaliraj dodatke s Cobramod.net</summary>
		<description lang="de_DE">Dies ist das offizielle Cobramod.net Addon-Verzeichnis.[CR]Dieses Addon-Verzeichnis ermöglicht aufgrund umfangreicher Spiegelserver in der Nähe schnelle Downloads.[CR]Alle Addons in diesem Verzeichnis wurden einfachen Tests unterzogen. Sollte dennoch ein Addon nicht richtig funktionieren benachrichtige bitte Team Cobramod, damit wir reagieren können.</description>
		<description lang="en_GB">Download and install add-ons from the Official Cobramod.net add-on repository.[CR]  By using the official Repository you will be able to take advantage of our extensive file mirror service to help get you faster downloads from a region close to you.[CR]  All add-ons on this repository have under gone basic testing, if you find a broken or not working add-on please report it to Team Cobramod so we can take any action needed.</description>
		<description lang="hr_HR">Preuzmite i instalirajte dodatke sa službenog Cobramod.net repozitorija dodataka.[CR] Korištenjem službenog repozitorija bit ćete u mogućnosti iskoristiti prednosti usluge našeg brzog zrcalnog poslužitelja datoteka, kako bi mogli brže preuzimati iz regije koje je bliže vašoj lokaciji.[CR] Svi dodaci na ovom repozitoriju prošli su osnovno testiranje, u slučaju da primijetite neispravan dodatak, molimo vas da to prijavite Cobramod timu koji će zatim poduzeti potrebne korake.</description>
		<disclaimer lang="de_DE">Die Addons in diesem Verzeichnis wurden nicht alle vom Team Cobramod erstellt. Verantwortlich für den Inhalt sind die jeweiligen Autoren.</disclaimer>
		<disclaimer lang="en_GB">Team Cobramod did not make all the add-ons on this repository and are not responsible for their content</disclaimer>
		<disclaimer lang="hr_HR">Cobramod tim nije autor svih dodataka u ovom repozitoriju te kao takvi ne odgovaraju za njihov sadržaj</disclaimer>
		<platform>all</platform>
		<assets>
			<icon>resources/icon.png</icon>
			<fanart>resources/fanart.jpg</fanart>
		</assets>
	</extension>
</addon>
