<?xml version="1.0" encoding="UTF-8" standalone="yes"?>
<addon id="script.get.update.old" name="[COLOR gold]Cobra Mod Build Aktuallisieren[/COLOR]" version="0.0.1" provider-name="cobra by TEAM.STUBE">
    <requires>
        <import addon="xbmc.python" version="3.0.0"/>
    </requires>
    <extension point="xbmc.python.script" library="main.py">
        <provides>executable</provides>
    </extension>
    <extension point="xbmc.addon.metadata">
        <summary lang="de_DE">Update Cobra Mod</summary>
        <description lang="de_DE"></description>
        <language></language>
        <platform>all</platform>
        <license>unlicense</license>
        <forum></forum>
        <website></website>
        <email></email>
        <source></source>
        <news></news>
        <disclaimer></disclaimer>
        <assets>
            <icon>resources/icon.png</icon>
            <fanart>resources/fanart.jpg</fanart>
        </assets>
    </extension>
</addon>
