<?xml version="1.0" encoding="UTF-8" standalone="yes"?>
<addon id="plugin.program.autocompletion" name="AutoCompletion for virtual keyboard" version="2.0.1" provider-name="Philipp Temminghoff (phil65),sualfred">
    <requires>
        <import addon="xbmc.python" version="3.0.0" />
        <import addon="script.module.autocompletion" version="2.0.0"/>
    </requires>
    <extension point="xbmc.python.script" library="default.py">
        <provides>executable</provides>
    </extension>
    <extension point="xbmc.python.pluginsource" library="plugin.py" />
    <extension point="xbmc.addon.metadata">
        <summary lang="en_GB">AutoCompletion for the virtual keyboard (needs skin support)</summary>
        <description lang="en_GB">AutoCompletion for the virtual keyboard (needs skin support)</description>
        <platform>all</platform>
        <license>GPL-2.0-or-later</license>
        <source>https://github.com/phil65/plugin.program.autocompletion</source>
        <assets>
            <icon>resources/icon.png</icon>
            <screenshot>resources/screenshot-01.jpg</screenshot>
            <screenshot>resources/screenshot-02.jpg</screenshot>
            <screenshot>resources/screenshot-03.jpg</screenshot>
        </assets>
    </extension>
</addon>
