<?xml version="1.0" encoding="UTF-8"?>
<fonts>
	<fontset id="Default" idloc="31390">
		<font>
			<name>info.title</name>
			<filename>Roboto-Light.ttf</filename>
			<size>50</size>
			<linespacing>0.9</linespacing>
		</font>
		<font>
			<name>main.menu</name>
			<filename>Roboto-Light.ttf</filename>
			<size>40</size>
			<linespacing>0.9</linespacing>
			<style>uppercase</style>
		</font>
		<font>
			<name>breadcrumb</name>
			<filename>Roboto-Light.ttf</filename>
			<size>30</size>
			<linespacing>0.9</linespacing>
		</font>
		<font>
			<name>Light</name>
			<filename>Hello Almeida.ttf</filename>
			<size>50</size>
		</font>
		<font>
			<name>title1</name>
			<filename>Roboto-Light.ttf</filename>
			<size>140</size>
			<linespacing>0.9</linespacing>
			<style>uppercase</style>
		</font>
		<font>
			<name>title2</name>
			<filename>Roboto-Light.ttf</filename>
			<size>40</size>
			<style>capitalize</style>
		</font>
		<font>
			<name>breadcrumb.secondary</name>
			<filename>Roboto-Light.ttf</filename>
			<size>20</size>
			<style>uppercase</style>
		</font>
		<font>
			<name>breadcrumb.tertiary</name>
			<filename>Roboto-Light.ttf</filename>
			<size>18</size>
			<style>uppercase</style>
		</font>
		<font>
			<name>breadcrumb.shell</name>
			<filename>Roboto-Light.ttf</filename>
			<size>14</size>
			<style>uppercase</style>
		</font>
		<font>
			<name>breadcrumb.shell.small</name>
			<filename>Roboto-Light.ttf</filename>
			<size>12</size>
			<style>uppercase</style>
		</font>
		<font>
			<name>label</name>
			<filename>Roboto-Light.ttf</filename>
			<size>28</size>
			<linespacing>1</linespacing>
		</font>
		<font>
			<name>secondary.info</name>
			<filename>Roboto-Light.ttf</filename>
			<size>22</size>
		</font>
		<font>
			<name>secondary.info.light</name>
			<filename>Roboto-Light.ttf</filename>
			<size>22</size>
		</font>
		<font>
			<name>secondary.info.small</name>
			<filename>Roboto-Light.ttf</filename>
			<size>20</size>
		</font>
		<font>
			<name>secondary.info.big</name>
			<filename>Roboto-Light.ttf</filename>
			<size>25</size>
		</font>
		<font>
			<name>menu.title</name>
			<filename>Roboto-Light.ttf</filename>
			<size>40</size>
			<linespacing>0.9</linespacing>
		</font>
		<font>
			<name>channel</name>
			<filename>Roboto-Light.ttf</filename>
			<size>28</size>
			<linespacing>0.9</linespacing>
		</font>
		<font>
			<name>button</name>
			<filename>Roboto-Light.ttf</filename>
			<size>24</size>
		</font>
		<font>
			<name>button2</name>
			<filename>Roboto-Light.ttf</filename>
			<size>30</size>
		</font>
		<font>
			<name>button.bold</name>
			<filename>Roboto-Light.ttf</filename>
			<size>24</size>
		</font>
		<font>
			<name>kai.primary</name>
			<filename>Roboto-Light.ttf</filename>
			<size>24</size>
		</font>
		<font>
			<name>kai.secondary</name>
			<filename>Roboto-Light.ttf</filename>
			<size>20</size>
		</font>
		<font>
			<name>font10</name>
			<filename>Roboto-Light.ttf</filename>
			<size>21</size>
		</font>
		<font>
			<name>font12</name>
			<filename>Roboto-Light.ttf</filename>
			<size>26</size>
		</font>
		<font>
			<name>font13</name>
			<filename>Roboto-Light.ttf</filename>
			<size>30</size>
		</font>
		<font>
			<name>font14</name>
			<filename>Roboto-Light.ttf</filename>
			<size>33</size>
		</font>
		<font>
			<name>font16</name>
			<filename>Roboto-Light.ttf</filename>
			<size>38</size>
		</font>
		<font>
			<name>font30</name>
			<filename>Roboto-Light.ttf</filename>
			<size>45</size>
		</font>
		<font>
			<name>fontContextMenu</name>
			<filename>Roboto-Light.ttf</filename>
			<size>27</size>
		</font>
		<font>
			<name>font10_title</name>
			<filename>Roboto-Light.ttf</filename>
			<size>18</size>
		</font>
		<font>
			<name>font12_title</name>
			<filename>Roboto-Light.ttf</filename>
			<size>26</size>
		</font>
		<font>
			<name>font13_title</name>
			<filename>Roboto-Light.ttf</filename>
			<size>30</size>
		</font>
		<font>
			<name>font24_title</name>
			<filename>Roboto-Light.ttf</filename>
			<size>36</size>
		</font>
		<font>
			<name>font28_title</name>
			<filename>Roboto-Light.ttf</filename>
			<size>42</size>
		</font>
		<font>
			<name>font30_title</name>
			<filename>Roboto-Light.ttf</filename>
			<size>45</size>
		</font>
		<font>
			<name>font35_title</name>
			<filename>Roboto-Light.ttf</filename>
			<size>52</size>
		</font>
		<font>
			<name>font_MainMenu</name>
			<filename>Roboto-Light.ttf</filename>
			<size>60</size>
		</font>
		<font>
			<name>font_MainMenu2</name>
			<filename>Roboto-Light.ttf</filename>
			<size>120</size>
		</font>
		<font>
			<name>font_MainMenu2</name>
			<filename>Roboto-Bold.ttf</filename>
			<size>500</size>
		</font>
		<font>
			<name>WeatherTemp</name>
			<filename>Roboto-Light.ttf</filename>
			<size>120</size>
		</font>
	</fontset>
	<fontset id="Bold" idloc="31391">
		<font>
			<name>info.title</name>
			<filename>Roboto-Bold.ttf</filename>
			<size>50</size>
			<linespacing>0.9</linespacing>
		</font>
		<font>
			<name>main.menu</name>
			<filename>Roboto-Bold.ttf</filename>
			<size>40</size>
			<linespacing>0.9</linespacing>
			<style>uppercase</style>
		</font>
		<font>
			<name>breadcrumb</name>
			<filename>Roboto-Bold.ttf</filename>
			<size>30</size>
			<linespacing>0.9</linespacing>
		</font>
		<font>
			<name>breadcrumb.secondary</name>
			<filename>Roboto-Bold.ttf</filename>
			<size>20</size>
			<style>uppercase</style>
		</font>
		<font>
			<name>breadcrumb.tertiary</name>
			<filename>Roboto-Bold.ttf</filename>
			<size>18</size>
			<style>uppercase</style>
		</font>
		<font>
			<name>label</name>
			<filename>Roboto-Bold.ttf</filename>
			<size>28</size>
			<linespacing>1</linespacing>
		</font>
		<font>
			<name>secondary.info</name>
			<filename>Roboto-Bold.ttf</filename>
			<size>22</size>
		</font>
		<font>
			<name>secondary.info.light</name>
			<filename>Roboto-Bold.ttf</filename>
			<size>22</size>
		</font>
		<font>
			<name>secondary.info.small</name>
			<filename>Roboto-Bold.ttf</filename>
			<size>20</size>
		</font>
		<font>
			<name>secondary.info.big</name>
			<filename>Roboto-Bold.ttf</filename>
			<size>25</size>
		</font>
		<font>
			<name>menu.title</name>
			<filename>Roboto-Bold.ttf</filename>
			<size>40</size>
			<linespacing>0.9</linespacing>
		</font>
		<font>
			<name>channel</name>
			<filename>Roboto-Bold.ttf</filename>
			<size>28</size>
			<linespacing>0.9</linespacing>
		</font>
		<font>
			<name>button</name>
			<filename>Roboto-Bold.ttf</filename>
			<size>24</size>
		</font>
		<font>
			<name>button2</name>
			<filename>Roboto-Bold.ttf</filename>
			<size>30</size>
		</font>
		<font>
			<name>button.bold</name>
			<filename>Roboto-Bold.ttf</filename>
			<size>24</size>
		</font>
		<font>
			<name>kai.primary</name>
			<filename>Roboto-Bold.ttf</filename>
			<size>24</size>
		</font>
		<font>
			<name>kai.secondary</name>
			<filename>Roboto-Bold.ttf</filename>
			<size>20</size>
		</font>
		<font>
			<name>font10</name>
			<filename>Roboto-Bold.ttf</filename>
			<size>21</size>
		</font>
		<font>
			<name>font12</name>
			<filename>Roboto-Bold.ttf</filename>
			<size>26</size>
		</font>
		<font>
			<name>font13</name>
			<filename>Roboto-Bold.ttf</filename>
			<size>30</size>
		</font>
		<font>
			<name>font14</name>
			<filename>Roboto-Bold.ttf</filename>
			<size>33</size>
		</font>
		<font>
			<name>font16</name>
			<filename>Roboto-Bold.ttf</filename>
			<size>38</size>
		</font>
		<font>
			<name>font30</name>
			<filename>Roboto-Bold.ttf</filename>
			<size>45</size>
		</font>
		<font>
			<name>fontContextMenu</name>
			<filename>Roboto-Bold.ttf</filename>
			<size>27</size>
		</font>
		<font>
			<name>font10_title</name>
			<filename>Roboto-Bold.ttf</filename>
			<size>18</size>
		</font>
		<font>
			<name>font12_title</name>
			<filename>Roboto-Bold.ttf</filename>
			<size>26</size>
		</font>
		<font>
			<name>font13_title</name>
			<filename>Roboto-Bold.ttf</filename>
			<size>30</size>
		</font>
		<font>
			<name>font24_title</name>
			<filename>Roboto-Bold.ttf</filename>
			<size>36</size>
		</font>
		<font>
			<name>font28_title</name>
			<filename>Roboto-Bold.ttf</filename>
			<size>42</size>
		</font>
		<font>
			<name>font30_title</name>
			<filename>Roboto-Bold.ttf</filename>
			<size>45</size>
		</font>
		<font>
			<name>font35_title</name>
			<filename>Roboto-Bold.ttf</filename>
			<size>52</size>
		</font>
		<font>
			<name>font_MainMenu</name>
			<filename>Roboto-Bold.ttf</filename>
			<size>60</size>
		</font>
		<font>
			<name>font_MainMenu2</name>
			<filename>Roboto-Bold.ttf</filename>
			<size>120</size>
		</font>
		<font>
			<name>WeatherTemp</name>
			<filename>Roboto-Bold.ttf</filename>
			<size>120</size>
		</font>
	</fontset>
</fonts>