<?xml version="1.0" encoding="UTF-8"?>
<window>
	<defaultcontrol></defaultcontrol>
	<controls>
		<control type="group" id="1">
			<visible>[Player.ShowInfo | Window.IsActive(VideoOSD) | Window.IsVisible(DialogSeekbar.xml)] + ![Window.IsVisible(OSDVideoSettings) | Window.IsVisible(OSDAudioSettings) | Window.IsVisible(OSDSubtitleSettings) | Window.IsVisible(VideoBookmarks) | Window.IsVisible(PVROSDChannels) | Window.IsVisible(PVRChannelGuide) | Window.IsVisible(SliderDialog)]</visible>
			<control type="image" id="1">
				<left>0</left>
				<top>250r</top>
				<width>100%</width>
				<height>250</height>
				<texture>backgrounds/gradient_floor.png</texture>
			</control>
			<control type="image" id="1">
				<visible>![Window.IsVisible(SliderDialog) | Window.IsVisible(OSDVideoSettings) | Window.IsVisible(OSDAudioSettings) | Window.IsVisible(OSDSubtitleSettings) | Window.IsVisible(VideoBookmarks) | Window.IsVisible(PVROSDChannels) | Window.IsVisible(PVRChannelGuide)]</visible>
				<visible>!Skin.HasSetting(Shadow)</visible>
				<left>5</left>
				<top>938</top>
				<width>1920</width>
				<height>64</height>
				<texture colordiffuse="black">menu_bar_views.png</texture>
			</control>
			<control type="image" id="1">
				<visible>![Window.IsVisible(SliderDialog) | Window.IsVisible(OSDVideoSettings) | Window.IsVisible(OSDAudioSettings) | Window.IsVisible(OSDSubtitleSettings) | Window.IsVisible(VideoBookmarks) | Window.IsVisible(PVROSDChannels) | Window.IsVisible(PVRChannelGuide)]</visible>
				<left>0</left>
				<top>935</top>
				<width>1920</width>
				<height>64</height>
				<texture colordiffuse="$INFO[Skin.String(color.500)]">menu_bar_views.png</texture>
			</control>
			<control type="group" id="1">
				<left>20</left>
				<width>1880</width>
				<control type="group" id="1">
					<top>-79</top>
					<control type="label" id="1">
						<visible>!Skin.HasSetting(Shadow)</visible>
						<left>3</left>
						<top>953</top>
						<width>700</width>
						<height>60</height>
						<font>menu.title</font>
						<align>left</align>
						<aligny>center</aligny>
						<textcolor>black</textcolor>
						<shadowcolor>black</shadowcolor>
						<label>$INFO[Player.Title]</label>
						<visible>String.IsEmpty(Player.TVShowTitle)</visible>
						<scroll>true</scroll>
						<visible>!VideoPlayer.Content(LiveTV)</visible>
					</control>
					<control type="label" id="1">
						<visible>!Skin.HasSetting(Shadow)</visible>
						<left>3</left>
						<top>953</top>
						<width>700</width>
						<height>60</height>
						<font>menu.title</font>
						<align>left</align>
						<aligny>center</aligny>
						<textcolor>black</textcolor>
						<shadowcolor>black</shadowcolor>
						<label>$INFO[Player.Title] $INFO[VideoPlayer.TVShowTitle]</label>
						<scroll>true</scroll>
						<visible>!VideoPlayer.Content(LiveTV)</visible>
					</control>
					<control type="label" id="1">
						<left>0</left>
						<top>950</top>
						<width>700</width>
						<height>60</height>
						<font>menu.title</font>
						<align>left</align>
						<aligny>center</aligny>
						<textcolor>$INFO[Skin.String(color.500)]</textcolor>
						<shadowcolor>black</shadowcolor>
						<label>$INFO[Player.Title] [COLORwhite]$INFO[VideoPlayer.TVShowTitle][/COLOR]</label>
						<scroll>true</scroll>
						<visible>!VideoPlayer.Content(LiveTV)</visible>
					</control>
					<control type="label" id="1">
						<visible>!Skin.HasSetting(Shadow)</visible>
						<left>3</left>
						<top>953</top>
						<width>700</width>
						<height>60</height>
						<font>menu.title</font>
						<align>left</align>
						<aligny>center</aligny>
						<textcolor>black</textcolor>
						<shadowcolor>black</shadowcolor>
						<label>$INFO[Player.Title] $INFO[VideoPlayer.ChannelName]</label>
						<visible>VideoPlayer.Content(LiveTV)</visible>
						<scroll>true</scroll>
					</control>
					<control type="label" id="1">
						<left>0</left>
						<top>950</top>
						<width>700</width>
						<height>60</height>
						<font>menu.title</font>
						<align>left</align>
						<aligny>center</aligny>
						<textcolor>$INFO[Skin.String(color.500)]</textcolor>
						<shadowcolor>black</shadowcolor>
						<label>$INFO[Player.Title] [COLORwhite]$INFO[VideoPlayer.ChannelName][/COLOR]</label>
						<visible>VideoPlayer.Content(LiveTV)</visible>
						<scroll>true</scroll>
					</control>
				</control>
				<control type="progress" id="1">
					<left>790</left>
					<top>935</top>
					<width>1090</width>
					<height>5</height>
					<info>Player.ProgressCache</info>
					<midtexture colordiffuse="button.nf">backgrounds/white.png</midtexture>
				</control>
				<control type="progress" id="1">
					<left>790</left>
					<top>935</top>
					<width>1090</width>
					<height>5</height>
					<info>Player.Progress</info>
					<texturebg colordiffuse="$INFO[Skin.String(color.500)]">backgrounds/white.png</texturebg>
				</control>
				<control type="group" id="1">
					<visible>!Player.ShowInfo</visible>
					<visible>!VideoPlayer.Content(LiveTV) | [VideoPlayer.Content(LiveTV) + VideoPlayer.HasEpg]</visible>
					<control type="label" id="1">
						<left>790</left>
						<top>925</top>
						<width>700</width>
						<height>60</height>
						<font>breadcrumb.secondary</font>
						<align>left</align>
						<aligny>center</aligny>
						<textcolor>white</textcolor>
						<shadowcolor>black</shadowcolor>
						<label>$LOCALIZE[31964]: $INFO[Player.Time(hh:mm:ss)]</label>
						<visible>!String.IsEmpty(Player.Time)</visible>
					</control>
					<control type="label" id="1">
						<left>700r</left>
						<top>925</top>
						<width>700</width>
						<height>60</height>
						<font>breadcrumb.secondary</font>
						<align>right</align>
						<aligny>center</aligny>
						<textcolor>white</textcolor>
						<shadowcolor>black</shadowcolor>
						<label>$LOCALIZE[31049]: $INFO[Player.FinishTime] Uhr</label>
						<visible>!String.IsEmpty(Player.FinishTime)</visible>
					</control>
					<control type="label" id="1">
						<left>700r</left>
						<top>995</top>
						<width>700</width>
						<height>60</height>
						<font>breadcrumb.secondary</font>
						<align>right</align>
						<aligny>center</aligny>
						<textcolor>white</textcolor>
						<shadowcolor>black</shadowcolor>
						<label>$LOCALIZE[31965]: $INFO[Player.Duration]</label>
						<visible>!String.IsEmpty(Player.Duration)</visible>
					</control>
					<control type="label" id="1">
						<left>790</left>
						<top>995</top>
						<width>700</width>
						<height>60</height>
						<font>breadcrumb.secondary</font>
						<align>left</align>
						<aligny>center</aligny>
						<textcolor>white</textcolor>
						<shadowcolor>black</shadowcolor>
						<label>$LOCALIZE[21396] $INFO[Player.Chapter]$INFO[player.chaptercount, / ]</label>
						<visible>!VideoPlayer.Content(LiveTV)</visible>
					</control>
				</control>
			</control>
			<control type="group" id="1">
				<visible>Player.Paused</visible>
				<visible>!String.IsEmpty(VideoPlayer.Plot)</visible>
				<control type="image" id="1">
					<left>0</left>
					<top>0</top>
					<width>1920</width>
					<height>1080</height>
					<texture>$INFO[Skin.CurrentTheme,special://skin/extras/backgrounds/,.jpg]</texture>
				</control>
				<control type="image" id="1">
					<left>0</left>
					<top>0</top>
					<width>1920</width>
					<height>1080</height>
					<texture>$INFO[Skin.String(CustomBackgroundPath)]</texture>
					<visible>Skin.HasSetting(UseCustomBackground) + Skin.String(CustomBackgroundPath)</visible>
				</control>
				<control type="image" id="1">
					<left>0</left>
					<top>250r</top>
					<width>100%</width>
					<height>250</height>
					<texture>backgrounds/gradient_floor.png</texture>
				</control>
				<control type="image" id="1">
					<left>424r</left>
					<width>580</width>
					<height>80</height>
					<texture colordiffuse="black">backgrounds/white.png</texture>
				</control>
				<control type="image" id="1">
					<left>419r</left>
					<top>10</top>
					<width>50</width>
					<height>50</height>
					<texture>osd/pause.png</texture>
				</control>
				<control type="image" id="1">
					<left>424r</left>
					<top>0</top>
					<width>580</width>
					<height>2</height>
					<texture colordiffuse="$INFO[Skin.String(color.500)]">backgrounds/white.png</texture>
				</control>
				<control type="image" id="1">
					<left>424r</left>
					<top>0</top>
					<width>2</width>
					<height>79</height>
					<texture colordiffuse="$INFO[Skin.String(color.500)]">backgrounds/white.png</texture>
				</control>
				<control type="image" id="1">
					<left>424r</left>
					<top>79</top>
					<width>580</width>
					<height>2</height>
					<texture colordiffuse="$INFO[Skin.String(color.500)]">backgrounds/white.png</texture>
				</control>
				<control type="label" id="1">
					<left>364r</left>
					<top>20</top>
					<width>510</width>
					<height>27</height>
					<font>kai.primary</font>
					<textcolor>$INFO[Skin.String(color.500)]</textcolor>
					<shadowcolor>black</shadowcolor>
					<align>left</align>
					<aligny>center</aligny>
					<label>[B]PAUSE![/B] [COLORwhite]Es geht gleich weiter...[/COLOR]</label>
				</control>
				<control type="image" id="1">
					<left>608</left>
					<top>3</top>
					<width>710</width>
					<height>320</height>
					<texture colordiffuse="black">$INFO[Player.Art(thumb)]</texture>
					<aspectratio>keep</aspectratio>
					<visible>VideoPlayer.Content(LiveTV)</visible>
				</control>
				<control type="image" id="1">
					<left>605</left>
					<top>0</top>
					<width>710</width>
					<height>320</height>
					<texture>$INFO[Player.Art(thumb)]</texture>
					<aspectratio>keep</aspectratio>
					<visible>VideoPlayer.Content(LiveTV)</visible>
				</control>
				<control type="image" id="1">
					<visible>!Skin.HasSetting(Shadow)</visible>
					<left>608</left>
					<top>3</top>
					<width>710</width>
					<height>320</height>
					<texture colordiffuse="black">$INFO[Player.Art(clearlogo)]</texture>
					<aspectratio>keep</aspectratio>
				</control>
				<control type="image" id="1">
					<left>605</left>
					<top>0</top>
					<width>710</width>
					<height>320</height>
					<texture>$INFO[Player.Art(clearlogo)]</texture>
					<aspectratio>keep</aspectratio>
				</control>
				<control type="image" id="1">
					<visible>!Skin.HasSetting(Shadow)</visible>
					<left>608</left>
					<top>3</top>
					<width>710</width>
					<height>320</height>
					<texture colordiffuse="black">$INFO[Player.Art(tvshow.clearlogo)]</texture>
					<aspectratio>keep</aspectratio>
				</control>
				<control type="image" id="1">
					<left>605</left>
					<top>0</top>
					<width>710</width>
					<height>320</height>
					<texture>$INFO[Player.Art(tvshow.clearlogo)]</texture>
					<aspectratio>keep</aspectratio>
				</control>
				<control type="group" id="1">
					<visible>String.IsEmpty(VideoPlayer.Tagline)</visible>
					<visible>!VideoPlayer.Content(LiveTV)</visible>
					<visible>!String.IsEmpty(VideoPlayer.Episode)</visible>
						<control type="label" id="1">
						<visible>!Skin.HasSetting(Shadow)</visible>
						<left>23</left>
						<top>343</top>
						<width>1250</width>
						<height>60</height>
						<font>menu.title</font>
						<align>left</align>
						<aligny>center</aligny>
						<textcolor>black</textcolor>
						<shadowcolor>black</shadowcolor>
						<label>$INFO[Player.Title] Staffel $INFO[VideoPlayer.Season] Episode $INFO[VideoPlayer.Episode]</label>
					</control>
					<control type="label" id="1">
						<left>20</left>
						<top>340</top>
						<width>1250</width>
						<height>60</height>
						<font>menu.title</font>
						<align>left</align>
						<aligny>center</aligny>
						<textcolor>$INFO[Skin.String(color.500)]</textcolor>
						<shadowcolor>black</shadowcolor>
						<label>$INFO[Player.Title] [COLORwhite]Staffel[/COLOR] $INFO[VideoPlayer.Season] [COLORwhite]Episode[/COLOR] $INFO[VideoPlayer.Episode]</label>
					</control>
				</control>
				<control type="group" id="1">
				<visible>String.IsEmpty(VideoPlayer.Tagline)</visible>
				<visible>VideoPlayer.Content(LiveTV)</visible>
				<control type="label" id="1">
						<visible>!Skin.HasSetting(Shadow)</visible>
						<left>23</left>
						<top>343</top>
						<width>1250</width>
						<height>60</height>
						<font>menu.title</font>
						<align>left</align>
						<aligny>center</aligny>
						<textcolor>black</textcolor>
						<shadowcolor>black</shadowcolor>
						<label>$INFO[Player.Title] $INFO[VideoPlayer.ChannelName]</label>
					</control>
					<control type="label" id="1">
						<left>20</left>
						<top>340</top>
						<width>1250</width>
						<height>60</height>
						<font>menu.title</font>
						<align>left</align>
						<aligny>center</aligny>
						<textcolor>$INFO[Skin.String(color.500)]</textcolor>
						<shadowcolor>black</shadowcolor>
						<label>$INFO[Player.Title] [COLORwhite]$INFO[VideoPlayer.ChannelName][/COLOR]</label>
					</control>
				</control>
				<control type="label" id="1">
					<visible>!Skin.HasSetting(Shadow)</visible>
					<left>23</left>
					<top>343</top>
					<width>1250</width>
					<height>60</height>
					<font>menu.title</font>
					<align>left</align>
					<aligny>center</aligny>
					<textcolor>black</textcolor>
					<shadowcolor>black</shadowcolor>
					<label>$INFO[VideoPlayer.Tagline]</label>
				</control>			
				<control type="label" id="1">
					<left>20</left>
					<top>340</top>
					<width>1250</width>
					<height>60</height>
					<font>menu.title</font>
					<align>left</align>
					<aligny>center</aligny>
					<textcolor>$INFO[Skin.String(color.500)]</textcolor>
					<shadowcolor>black</shadowcolor>
					<label>$INFO[VideoPlayer.Tagline]</label>
				</control>
				<control type="textbox" id="1">
					<visible>!Skin.HasSetting(Shadow)</visible>
					<left>23</left>
					<top>403</top>
					<width>1250</width>
					<height>470</height>
					<font>font12</font>
					<align>justify</align>
					<aligny>top</aligny>
					<textcolor>black</textcolor>
					<shadowcolor>black</shadowcolor>
					<label>$INFO[VideoPlayer.Plot]</label>
					<visible>!VideoPlayer.Content(LiveTV)</visible>
					<autoscroll time="2000" delay="6000" repeat="10000">true</autoscroll>
				</control>
				<control type="textbox" id="1">
					<left>20</left>
					<top>400</top>
					<width>1250</width>
					<height>470</height>
					<font>font12</font>
					<align>justify</align>
					<aligny>top</aligny>
					<textcolor>white</textcolor>
					<shadowcolor>black</shadowcolor>
					<label>$INFO[VideoPlayer.Plot]</label>
					<visible>!VideoPlayer.Content(LiveTV)</visible>
					<autoscroll time="2000" delay="6000" repeat="10000">true</autoscroll>
				</control>
				<control type="textbox" id="1">
					<visible>!Skin.HasSetting(Shadow)</visible>
					<left>23</left>
					<top>403</top>
					<width>1880</width>
					<height>470</height>
					<font>font12</font>
					<align>justify</align>
					<aligny>top</aligny>
					<textcolor>black</textcolor>
					<shadowcolor>black</shadowcolor>
					<label>$INFO[VideoPlayer.Plot]</label>
					<visible>VideoPlayer.Content(LiveTV)</visible>
					<autoscroll time="2000" delay="6000" repeat="10000">true</autoscroll>
				</control>
				<control type="textbox" id="1">
					<left>20</left>
					<top>400</top>
					<width>1880</width>
					<height>470</height>
					<font>font12</font>
					<align>justify</align>
					<aligny>top</aligny>
					<textcolor>white</textcolor>
					<shadowcolor>black</shadowcolor>
					<label>$INFO[VideoPlayer.Plot]</label>
					<visible>VideoPlayer.Content(LiveTV)</visible>
					<autoscroll time="2000" delay="6000" repeat="10000">true</autoscroll>
				</control>
				<control type="group" id="1">
				<visible>VideoPlayer.Content(LiveTV)</visible>
					<control type="label" id="1">
						<visible>!Skin.HasSetting(Shadow)</visible>
						<left>23</left>
						<top>878</top>
						<width>1250</width>
						<height>60</height>
						<font>label</font>
						<align>left</align>
						<aligny>center</aligny>
						<textcolor>black</textcolor>
						<shadowcolor>black</shadowcolor>
						<label>Verbleibende Zeit: $INFO[VideoPlayer.TimeRemaining] Endet um: $INFO[Player.FinishTime]Uhr Als nächstes läuft: $INFO[VideoPlayer.NextTitle]</label>
					</control>
					<control type="label" id="1">
						<left>20</left>
						<top>875</top>
						<width>1250</width>
						<height>60</height>
						<font>label</font>
						<align>left</align>
						<aligny>center</aligny>
						<textcolor>$INFO[Skin.String(color.500)]</textcolor>
						<shadowcolor>black</shadowcolor>
						<label>[COLORwhite]Verbleibende Zeit:[/COLOR] $INFO[VideoPlayer.TimeRemaining] [COLORwhite]Endet um:[/COLOR] $INFO[Player.FinishTime]Uhr [COLORgrey]Als nächstes läuft: $INFO[VideoPlayer.NextTitle][/COLOR]</label>
					</control>
				</control>
				<control type="group" id="1">
					<visible>!VideoPlayer.Content(LiveTV)</visible>
					<control type="label" id="1">
						<visible>!Skin.HasSetting(Shadow)</visible>
						<left>23</left>
						<top>878</top>
						<width>1250</width>
						<height>60</height>
						<font>label</font>
						<align>left</align>
						<aligny>center</aligny>
						<textcolor>black</textcolor>
						<shadowcolor>black</shadowcolor>
						<label>Verbleibende Zeit: $INFO[VideoPlayer.TimeRemaining] Endet um: $INFO[Player.FinishTime]Uhr</label>
					</control>
					<control type="label" id="1">
						<left>20</left>
						<top>875</top>
						<width>1250</width>
						<height>60</height>
						<font>label</font>
						<align>left</align>
						<aligny>center</aligny>
						<textcolor>$INFO[Skin.String(color.500)]</textcolor>
						<shadowcolor>black</shadowcolor>
						<label>[COLORwhite]Verbleibende Zeit:[/COLOR] $INFO[VideoPlayer.TimeRemaining] [COLORwhite]Endet um:[/COLOR] $INFO[Player.FinishTime]Uhr</label>
					</control>
				</control>
				<control type="group" id="1">
				<left>900r</left>
				<top>890</top>
				<visible>!VideoPlayer.Content(LiveTV)</visible>
					<control type="image" id="1">
						<visible>!Skin.HasSetting(Shadow)</visible>
						<left>-84</left>
						<top>2</top>
						<width>86</width>
						<height>33</height>
						<texture colordiffuse="black">flags/resolution/HDR.png</texture>
						<aspectratio>keep</aspectratio>
						<visible>String.Contains(Player.FilenameAndPath,HDR)</visible>
					</control>
					<control type="image" id="1">
						<left>-86</left>
						<top>0</top>
						<width>86</width>
						<height>33</height>
						<texture>flags/resolution/HDR.png</texture>
						<aspectratio>keep</aspectratio>
						<visible>String.Contains(Player.FilenameAndPath,HDR)</visible>
					</control>
					<control type="image" id="1">
						<visible>!Skin.HasSetting(Shadow)</visible>
						<left>7</left>
						<top>2</top>
						<width>86</width>
						<height>33</height>
						<texture colordiffuse="black">$INFO[VideoPlayer.VideoAspect,flags/aspectratio/,.png]</texture>
						<aspectratio>keep</aspectratio>
					</control>
					<control type="image" id="1">
						<left>5</left>
						<top>0</top>
						<width>86</width>
						<height>33</height>
						<texture>$INFO[VideoPlayer.VideoAspect,flags/aspectratio/,.png]</texture>
						<aspectratio>keep</aspectratio>
					</control>
					<control type="image" id="1">
						<visible>!Skin.HasSetting(Shadow)</visible>
						<left>98</left>
						<top>2</top>
						<width>86</width>
						<height>33</height>
						<texture colordiffuse="black">$INFO[VideoPlayer.VideoResolution,flags/resolution/,.png]</texture>
						<aspectratio>keep</aspectratio>
					</control>
					<control type="image" id="1">
						<left>96</left>
						<top>0</top>
						<width>86</width>
						<height>33</height>
						<texture>$INFO[VideoPlayer.VideoResolution,flags/resolution/,.png]</texture>
						<aspectratio>keep</aspectratio>
					</control>
					<control type="image" id="1">
						<visible>!Skin.HasSetting(Shadow)</visible>
						<left>189</left>
						<top>2</top>
						<width>86</width>
						<height>33</height>
						<texture colordiffuse="black">$INFO[VideoPlayer.VideoCodec,flags/videocodec/,.png]</texture>
						<aspectratio>keep</aspectratio>
					</control>
					<control type="image" id="1">
						<left>187</left>
						<top>0</top>
						<width>86</width>
						<height>33</height>
						<texture>$INFO[VideoPlayer.VideoCodec,flags/videocodec/,.png]</texture>
						<aspectratio>keep</aspectratio>
					</control>
					<control type="image" id="1">
						<visible>!Skin.HasSetting(Shadow)</visible>
						<left>280</left>
						<top>2</top>
						<width>86</width>
						<height>33</height>
						<texture colordiffuse="black">$INFO[VideoPlayer.AudioCodec,flags/audio/,.png]</texture>
						<aspectratio>keep</aspectratio>
						<visible>!String.Contains(Player.FilenameAndPath,.atmos)</visible>
					</control>
					<control type="image" id="1">
						<left>278</left>
						<top>0</top>
						<width>86</width>
						<height>33</height>
						<texture>$INFO[VideoPlayer.AudioCodec,flags/audio/,.png]</texture>
						<aspectratio>keep</aspectratio>
						<visible>!String.Contains(Player.FilenameAndPath,.atmos)</visible>
					</control>
					<control type="image" id="1">
						<visible>!Skin.HasSetting(Shadow)</visible>
						<left>280</left>
						<top>2</top>
						<width>86</width>
						<height>33</height>
						<texture colordiffuse="black">flags/audio/atmos.png</texture>
						<aspectratio>keep</aspectratio>
						<visible>[String.Contains(VideoPlayer.AudioCodec,eac3) | String.Contains(VideoPlayer.AudioCodec,truehd)] + String.Contains(Player.FilenameAndPath,.atmos)</visible>
					</control>
					<control type="image" id="1">
						<left>278</left>
						<top>0</top>
						<width>86</width>
						<height>33</height>
						<texture>flags/audio/atmos.png</texture>
						<aspectratio>keep</aspectratio>
						<visible>[String.Contains(VideoPlayer.AudioCodec,eac3) | String.Contains(VideoPlayer.AudioCodec,truehd)] + String.Contains(Player.FilenameAndPath,.atmos)</visible>
					</control>
					<control type="image" id="1">
						<visible>!Skin.HasSetting(Shadow)</visible>
						<left>371</left>
						<top>2</top>
						<width>86</width>
						<height>33</height>
						<texture colordiffuse="black">$INFO[VideoPlayer.AudioChannels,flags/audio/,.png]</texture>
						<aspectratio>keep</aspectratio>
					</control>
					<control type="image" id="1">
						<left>369</left>
						<top>0</top>
						<width>86</width>
						<height>33</height>
						<texture>$INFO[VideoPlayer.AudioChannels,flags/audio/,.png]</texture>
						<aspectratio>keep</aspectratio>
					</control>
				</control>
				<control type="group" id="1">
				<left>480r</left>900r
				<top>890</top>
				<visible>VideoPlayer.Content(LiveTV)</visible>
					<control type="image" id="1">
						<visible>!Skin.HasSetting(Shadow)</visible>
						<left>-84</left>
						<top>2</top>
						<width>86</width>
						<height>33</height>
						<texture colordiffuse="black">flags/resolution/HDR.png</texture>
						<aspectratio>keep</aspectratio>
						<visible>String.Contains(Player.FilenameAndPath,HDR)</visible>
					</control>
					<control type="image" id="1">
						<left>-86</left>
						<top>0</top>
						<width>86</width>
						<height>33</height>
						<texture>flags/resolution/HDR.png</texture>
						<aspectratio>keep</aspectratio>
						<visible>String.Contains(Player.FilenameAndPath,HDR)</visible>
					</control>
					<control type="image" id="1">
						<visible>!Skin.HasSetting(Shadow)</visible>
						<left>7</left>
						<top>2</top>
						<width>86</width>
						<height>33</height>
						<texture colordiffuse="black">$INFO[VideoPlayer.VideoAspect,flags/aspectratio/,.png]</texture>
						<aspectratio>keep</aspectratio>
					</control>
					<control type="image" id="1">
						<left>5</left>
						<top>0</top>
						<width>86</width>
						<height>33</height>
						<texture>$INFO[VideoPlayer.VideoAspect,flags/aspectratio/,.png]</texture>
						<aspectratio>keep</aspectratio>
					</control>
					<control type="image" id="1">
						<visible>!Skin.HasSetting(Shadow)</visible>
						<left>98</left>
						<top>2</top>
						<width>86</width>
						<height>33</height>
						<texture colordiffuse="black">$INFO[VideoPlayer.VideoResolution,flags/resolution/,.png]</texture>
						<aspectratio>keep</aspectratio>
					</control>
					<control type="image" id="1">
						<left>96</left>
						<top>0</top>
						<width>86</width>
						<height>33</height>
						<texture>$INFO[VideoPlayer.VideoResolution,flags/resolution/,.png]</texture>
						<aspectratio>keep</aspectratio>
					</control>
					<control type="image" id="1">
						<visible>!Skin.HasSetting(Shadow)</visible>
						<left>189</left>
						<top>2</top>
						<width>86</width>
						<height>33</height>
						<texture colordiffuse="black">$INFO[VideoPlayer.VideoCodec,flags/videocodec/,.png]</texture>
						<aspectratio>keep</aspectratio>
					</control>
					<control type="image" id="1">
						<left>187</left>
						<top>0</top>
						<width>86</width>
						<height>33</height>
						<texture>$INFO[VideoPlayer.VideoCodec,flags/videocodec/,.png]</texture>
						<aspectratio>keep</aspectratio>
					</control>
					<control type="image" id="1">
						<visible>!Skin.HasSetting(Shadow)</visible>
						<left>280</left>
						<top>2</top>
						<width>86</width>
						<height>33</height>
						<texture colordiffuse="black">$INFO[VideoPlayer.AudioCodec,flags/audio/,.png]</texture>
						<aspectratio>keep</aspectratio>
						<visible>!String.Contains(Player.FilenameAndPath,.atmos)</visible>
					</control>
					<control type="image" id="1">
						<left>278</left>
						<top>0</top>
						<width>86</width>
						<height>33</height>
						<texture>$INFO[VideoPlayer.AudioCodec,flags/audio/,.png]</texture>
						<aspectratio>keep</aspectratio>
						<visible>!String.Contains(Player.FilenameAndPath,.atmos)</visible>
					</control>
					<control type="image" id="1">
						<visible>!Skin.HasSetting(Shadow)</visible>
						<left>280</left>
						<top>2</top>
						<width>86</width>
						<height>33</height>
						<texture colordiffuse="black">flags/audio/atmos.png</texture>
						<aspectratio>keep</aspectratio>
						<visible>[String.Contains(VideoPlayer.AudioCodec,eac3) | String.Contains(VideoPlayer.AudioCodec,truehd)] + String.Contains(Player.FilenameAndPath,.atmos)</visible>
					</control>
					<control type="image" id="1">
						<left>278</left>
						<top>0</top>
						<width>86</width>
						<height>33</height>
						<texture>flags/audio/atmos.png</texture>
						<aspectratio>keep</aspectratio>
						<visible>[String.Contains(VideoPlayer.AudioCodec,eac3) | String.Contains(VideoPlayer.AudioCodec,truehd)] + String.Contains(Player.FilenameAndPath,.atmos)</visible>
					</control>
					<control type="image" id="1">
						<visible>!Skin.HasSetting(Shadow)</visible>
						<left>371</left>
						<top>2</top>
						<width>86</width>
						<height>33</height>
						<texture colordiffuse="black">$INFO[VideoPlayer.AudioChannels,flags/audio/,.png]</texture>
						<aspectratio>keep</aspectratio>
					</control>
					<control type="image" id="1">
						<left>369</left>
						<top>0</top>
						<width>86</width>
						<height>33</height>
						<texture>$INFO[VideoPlayer.AudioChannels,flags/audio/,.png]</texture>
						<aspectratio>keep</aspectratio>
					</control>
				</control>
				<control type="group" id="1">
				<visible>!VideoPlayer.Content(LiveTV)</visible>
					<control type="image" id="1">
						<left>600r</left>
						<top>450</top>
						<width>380</width>
						<height>380</height>
						<texture diffuse="backgrounds/cdart-mask.png" >$INFO[Player.Art(tvshow.poster)]</texture>
						<animation effect="rotate" end="-360" center="auto" time="12000" loop="true" reversible="false" condition="true">Conditional</animation>
					</control>
					<control type="image" id="1">
						<left>600r</left>
						<top>450</top>
						<width>380</width>
						<height>380</height>
						<texture diffuse="backgrounds/cdart-mask.png" >$INFO[Player.Art(poster)]</texture>
						<animation effect="rotate" end="-360" center="auto" time="12000" loop="true" reversible="false" condition="true">Conditional</animation>
					</control>
					<control type="image" id="1">
						<left>600r</left>
						<top>450</top>
						<width>380</width>
						<height>380</height>
						<texture>backgrounds/cdarttop.png</texture>
						<animation effect="rotate" end="-360" center="auto" time="12000" loop="true" reversible="false" condition="true">Conditional</animation>
						<visible>!String.IsEmpty(Player.Art(poster))</visible>
						<visible>!String.IsEmpty(Player.Art(tvshow.poster))</visible>
					</control>
					<control type="image" id="1">
						<left>600r</left>
						<top>450</top>
						<width>380</width>
						<height>380</height>
						<texture>$INFO[Player.Art(discart)]</texture>
						<animation effect="rotate" end="-360" center="auto" time="12000" loop="true" reversible="false" condition="true">Conditional</animation>
					</control>
				</control>
				<control type="image" id="1">
					<visible>!Skin.HasSetting(Shadow)</visible>
					<left>419r</left>
					<top>325</top>
					<width>404</width>
					<height>606</height>
					<texture>$INFO[Player.Art(tvshow.poster)]</texture>
					<aspectratio align="right" aligny="bottom">stretch</aspectratio>
				</control>
				<control type="image" id="1">
					<left>424r</left>
					<top>320</top>
					<width>404</width>
					<height>606</height>
					<texture>$INFO[Player.Art(tvshow.poster)]</texture>
					<aspectratio align="right" aligny="bottom">stretch</aspectratio>
				</control>
				<control type="image" id="1">
					<visible>!Skin.HasSetting(Shadow)</visible>
					<left>419r</left>
					<top>325</top>
					<width>404</width>
					<height>606</height>
					<texture colordiffuse="black">$INFO[Player.Art(poster)]</texture>
					<aspectratio align="right" aligny="bottom">stretch</aspectratio>
				</control>
				<control type="image" id="1">
					<left>424r</left>
					<top>320</top>
					<width>404</width>
					<height>606</height>
					<texture>$INFO[Player.Art(poster)]</texture>
					<aspectratio align="right" aligny="bottom">stretch</aspectratio>
				</control>
			</control>
			<control type="group" id="1">
				<visible>Player.ShowInfo</visible>
				<visible>!String.IsEmpty(VideoPlayer.Plot)</visible>
				<control type="image" id="1">
					<left>0</left>
					<top>0</top>
					<width>1920</width>
					<height>1080</height>
					<texture>$INFO[Skin.CurrentTheme,special://skin/extras/backgrounds/,.jpg]</texture>
				</control>
				<control type="image" id="1">
					<left>0</left>
					<top>0</top>
					<width>1920</width>
					<height>1080</height>
					<texture>$INFO[Skin.String(CustomBackgroundPath)]</texture>
					<visible>Skin.HasSetting(UseCustomBackground) + Skin.String(CustomBackgroundPath)</visible>
				</control>
				<control type="image" id="1">
					<left>0</left>
					<top>250r</top>
					<width>100%</width>
					<height>250</height>
					<texture>backgrounds/gradient_floor.png</texture>
				</control>
				<control type="image" id="1">
					<left>424r</left>
					<width>580</width>
					<height>80</height>
					<texture colordiffuse="black">backgrounds/white.png</texture>
				</control>
				<control type="image" id="1">
					<left>419r</left>
					<top>10</top>
					<width>50</width>
					<height>50</height>
					<texture>osd/info.png</texture>
				</control>
				<control type="image" id="1">
					<left>424r</left>
					<top>0</top>
					<width>580</width>
					<height>2</height>
					<texture colordiffuse="$INFO[Skin.String(color.500)]">backgrounds/white.png</texture>
				</control>
				<control type="image" id="1">
					<left>424r</left>
					<top>0</top>
					<width>2</width>
					<height>79</height>
					<texture colordiffuse="$INFO[Skin.String(color.500)]">backgrounds/white.png</texture>
				</control>
				<control type="image" id="1">
					<left>424r</left>
					<top>79</top>
					<width>580</width>
					<height>2</height>
					<texture colordiffuse="$INFO[Skin.String(color.500)]">backgrounds/white.png</texture>
				</control>
				<control type="label" id="1">
					<left>364r</left>
					<top>20</top>
					<width>510</width>
					<height>27</height>
					<font>kai.primary</font>
					<textcolor>$INFO[Skin.String(color.500)]</textcolor>
					<shadowcolor>black</shadowcolor>
					<align>left</align>
					<aligny>center</aligny>
					<label>[B]INFO![/B] [COLORwhite]Details etc...[/COLOR]</label>
				</control>
				<control type="image" id="1">
					<left>608</left>
					<top>3</top>
					<width>710</width>
					<height>320</height>
					<texture colordiffuse="black">$INFO[Player.Art(thumb)]</texture>
					<aspectratio>keep</aspectratio>
					<visible>VideoPlayer.Content(LiveTV)</visible>
				</control>
				<control type="image" id="1">
					<left>605</left>
					<top>0</top>
					<width>710</width>
					<height>320</height>
					<texture>$INFO[Player.Art(thumb)]</texture>
					<aspectratio>keep</aspectratio>
					<visible>VideoPlayer.Content(LiveTV)</visible>
				</control>
				<control type="image" id="1">
					<visible>!Skin.HasSetting(Shadow)</visible>
					<left>608</left>
					<top>3</top>
					<width>710</width>
					<height>320</height>
					<texture colordiffuse="black">$INFO[Player.Art(clearlogo)]</texture>
					<aspectratio>keep</aspectratio>
				</control>
				<control type="image" id="1">
					<left>605</left>
					<top>0</top>
					<width>710</width>
					<height>320</height>
					<texture>$INFO[Player.Art(clearlogo)]</texture>
					<aspectratio>keep</aspectratio>
				</control>
				<control type="image" id="1">
					<visible>!Skin.HasSetting(Shadow)</visible>
					<left>608</left>
					<top>3</top>
					<width>710</width>
					<height>320</height>
					<texture colordiffuse="black">$INFO[Player.Art(tvshow.clearlogo)]</texture>
					<aspectratio>keep</aspectratio>
				</control>
				<control type="image" id="1">
					<left>605</left>
					<top>0</top>
					<width>710</width>
					<height>320</height>
					<texture>$INFO[Player.Art(tvshow.clearlogo)]</texture>
					<aspectratio>keep</aspectratio>
				</control>
				<control type="group" id="1">
					<visible>String.IsEmpty(VideoPlayer.Tagline)</visible>
					<visible>!VideoPlayer.Content(LiveTV)</visible>
					<visible>!String.IsEmpty(VideoPlayer.Episode)</visible>
						<control type="label" id="1">
						<visible>!Skin.HasSetting(Shadow)</visible>
						<left>23</left>
						<top>343</top>
						<width>1250</width>
						<height>60</height>
						<font>menu.title</font>
						<align>left</align>
						<aligny>center</aligny>
						<textcolor>black</textcolor>
						<shadowcolor>black</shadowcolor>
						<label>$INFO[Player.Title] Staffel $INFO[VideoPlayer.Season] Episode $INFO[VideoPlayer.Episode]</label>
					</control>
					<control type="label" id="1">
						<left>20</left>
						<top>340</top>
						<width>1250</width>
						<height>60</height>
						<font>menu.title</font>
						<align>left</align>
						<aligny>center</aligny>
						<textcolor>$INFO[Skin.String(color.500)]</textcolor>
						<shadowcolor>black</shadowcolor>
						<label>$INFO[Player.Title] [COLORwhite]Staffel[/COLOR] $INFO[VideoPlayer.Season] [COLORwhite]Episode[/COLOR] $INFO[VideoPlayer.Episode]</label>
					</control>
				</control>
				<control type="group" id="1">
				<visible>String.IsEmpty(VideoPlayer.Tagline)</visible>
				<visible>VideoPlayer.Content(LiveTV)</visible>
				<control type="label" id="1">
						<visible>!Skin.HasSetting(Shadow)</visible>
						<left>23</left>
						<top>343</top>
						<width>1250</width>
						<height>60</height>
						<font>menu.title</font>
						<align>left</align>
						<aligny>center</aligny>
						<textcolor>black</textcolor>
						<shadowcolor>black</shadowcolor>
						<label>$INFO[Player.Title] $INFO[VideoPlayer.ChannelName]</label>
					</control>
					<control type="label" id="1">
						<left>20</left>
						<top>340</top>
						<width>1250</width>
						<height>60</height>
						<font>menu.title</font>
						<align>left</align>
						<aligny>center</aligny>
						<textcolor>$INFO[Skin.String(color.500)]</textcolor>
						<shadowcolor>black</shadowcolor>
						<label>$INFO[Player.Title] [COLORwhite]$INFO[VideoPlayer.ChannelName][/COLOR]</label>
					</control>
				</control>
				<control type="label" id="1">
					<visible>!Skin.HasSetting(Shadow)</visible>
					<left>23</left>
					<top>343</top>
					<width>1250</width>
					<height>60</height>
					<font>menu.title</font>
					<align>left</align>
					<aligny>center</aligny>
					<textcolor>black</textcolor>
					<shadowcolor>black</shadowcolor>
					<label>$INFO[VideoPlayer.Tagline]</label>
				</control>			
				<control type="label" id="1">
					<left>20</left>
					<top>340</top>
					<width>1250</width>
					<height>60</height>
					<font>menu.title</font>
					<align>left</align>
					<aligny>center</aligny>
					<textcolor>$INFO[Skin.String(color.500)]</textcolor>
					<shadowcolor>black</shadowcolor>
					<label>$INFO[VideoPlayer.Tagline]</label>
				</control>
				<control type="textbox" id="1">
					<visible>!Skin.HasSetting(Shadow)</visible>
					<left>23</left>
					<top>403</top>
					<width>1250</width>
					<height>470</height>
					<font>font12</font>
					<align>justify</align>
					<aligny>top</aligny>
					<textcolor>black</textcolor>
					<shadowcolor>black</shadowcolor>
					<label>$INFO[VideoPlayer.Plot]</label>
					<visible>!VideoPlayer.Content(LiveTV)</visible>
					<autoscroll time="2000" delay="6000" repeat="10000">true</autoscroll>
				</control>
				<control type="textbox" id="1">
					<left>20</left>
					<top>400</top>
					<width>1250</width>
					<height>470</height>
					<font>font12</font>
					<align>justify</align>
					<aligny>top</aligny>
					<textcolor>white</textcolor>
					<shadowcolor>black</shadowcolor>
					<label>$INFO[VideoPlayer.Plot]</label>
					<visible>!VideoPlayer.Content(LiveTV)</visible>
					<autoscroll time="2000" delay="6000" repeat="10000">true</autoscroll>
				</control>
				<control type="textbox" id="1">
					<visible>!Skin.HasSetting(Shadow)</visible>
					<left>23</left>
					<top>403</top>
					<width>1880</width>
					<height>470</height>
					<font>font12</font>
					<align>justify</align>
					<aligny>top</aligny>
					<textcolor>black</textcolor>
					<shadowcolor>black</shadowcolor>
					<label>$INFO[VideoPlayer.Plot]</label>
					<visible>VideoPlayer.Content(LiveTV)</visible>
					<autoscroll time="2000" delay="6000" repeat="10000">true</autoscroll>
				</control>
				<control type="textbox" id="1">
					<left>20</left>
					<top>400</top>
					<width>1880</width>
					<height>470</height>
					<font>font12</font>
					<align>justify</align>
					<aligny>top</aligny>
					<textcolor>white</textcolor>
					<shadowcolor>black</shadowcolor>
					<label>$INFO[VideoPlayer.Plot]</label>
					<visible>VideoPlayer.Content(LiveTV)</visible>
					<autoscroll time="2000" delay="6000" repeat="10000">true</autoscroll>
				</control>
				<control type="group" id="1">
				<visible>VideoPlayer.Content(LiveTV)</visible>
					<control type="label" id="1">
						<visible>!Skin.HasSetting(Shadow)</visible>
						<left>23</left>
						<top>878</top>
						<width>1250</width>
						<height>60</height>
						<font>label</font>
						<align>left</align>
						<aligny>center</aligny>
						<textcolor>black</textcolor>
						<shadowcolor>black</shadowcolor>
						<label>Verbleibende Zeit: $INFO[VideoPlayer.TimeRemaining] Endet um: $INFO[Player.FinishTime]Uhr Als nächstes läuft: $INFO[VideoPlayer.NextTitle]</label>
					</control>
					<control type="label" id="1">
						<left>20</left>
						<top>875</top>
						<width>1250</width>
						<height>60</height>
						<font>label</font>
						<align>left</align>
						<aligny>center</aligny>
						<textcolor>$INFO[Skin.String(color.500)]</textcolor>
						<shadowcolor>black</shadowcolor>
						<label>[COLORwhite]Verbleibende Zeit:[/COLOR] $INFO[VideoPlayer.TimeRemaining] [COLORwhite]Endet um:[/COLOR] $INFO[Player.FinishTime]Uhr [COLORgrey]Als nächstes läuft: $INFO[VideoPlayer.NextTitle][/COLOR]</label>
					</control>
				</control>
				<control type="group" id="1">
					<visible>!VideoPlayer.Content(LiveTV)</visible>
					<control type="label" id="1">
						<visible>!Skin.HasSetting(Shadow)</visible>
						<left>23</left>
						<top>878</top>
						<width>1250</width>
						<height>60</height>
						<font>label</font>
						<align>left</align>
						<aligny>center</aligny>
						<textcolor>black</textcolor>
						<shadowcolor>black</shadowcolor>
						<label>Verbleibende Zeit: $INFO[VideoPlayer.TimeRemaining] Endet um: $INFO[Player.FinishTime]Uhr</label>
					</control>
					<control type="label" id="1">
						<left>20</left>
						<top>875</top>
						<width>1250</width>
						<height>60</height>
						<font>label</font>
						<align>left</align>
						<aligny>center</aligny>
						<textcolor>$INFO[Skin.String(color.500)]</textcolor>
						<shadowcolor>black</shadowcolor>
						<label>[COLORwhite]Verbleibende Zeit:[/COLOR] $INFO[VideoPlayer.TimeRemaining] [COLORwhite]Endet um:[/COLOR] $INFO[Player.FinishTime]Uhr</label>
					</control>
				</control>
				<control type="group" id="1">
				<left>900r</left>
				<top>890</top>
				<visible>!VideoPlayer.Content(LiveTV)</visible>
					<control type="image" id="1">
						<visible>!Skin.HasSetting(Shadow)</visible>
						<left>-84</left>
						<top>2</top>
						<width>86</width>
						<height>33</height>
						<texture colordiffuse="black">flags/resolution/HDR.png</texture>
						<aspectratio>keep</aspectratio>
						<visible>String.Contains(Player.FilenameAndPath,HDR)</visible>
					</control>
					<control type="image" id="1">
						<left>-86</left>
						<top>0</top>
						<width>86</width>
						<height>33</height>
						<texture>flags/resolution/HDR.png</texture>
						<aspectratio>keep</aspectratio>
						<visible>String.Contains(Player.FilenameAndPath,HDR)</visible>
					</control>
					<control type="image" id="1">
						<visible>!Skin.HasSetting(Shadow)</visible>
						<left>7</left>
						<top>2</top>
						<width>86</width>
						<height>33</height>
						<texture colordiffuse="black">$INFO[VideoPlayer.VideoAspect,flags/aspectratio/,.png]</texture>
						<aspectratio>keep</aspectratio>
					</control>
					<control type="image" id="1">
						<left>5</left>
						<top>0</top>
						<width>86</width>
						<height>33</height>
						<texture>$INFO[VideoPlayer.VideoAspect,flags/aspectratio/,.png]</texture>
						<aspectratio>keep</aspectratio>
					</control>
					<control type="image" id="1">
						<visible>!Skin.HasSetting(Shadow)</visible>
						<left>98</left>
						<top>2</top>
						<width>86</width>
						<height>33</height>
						<texture colordiffuse="black">$INFO[VideoPlayer.VideoResolution,flags/resolution/,.png]</texture>
						<aspectratio>keep</aspectratio>
					</control>
					<control type="image" id="1">
						<left>96</left>
						<top>0</top>
						<width>86</width>
						<height>33</height>
						<texture>$INFO[VideoPlayer.VideoResolution,flags/resolution/,.png]</texture>
						<aspectratio>keep</aspectratio>
					</control>
					<control type="image" id="1">
						<visible>!Skin.HasSetting(Shadow)</visible>
						<left>189</left>
						<top>2</top>
						<width>86</width>
						<height>33</height>
						<texture colordiffuse="black">$INFO[VideoPlayer.VideoCodec,flags/videocodec/,.png]</texture>
						<aspectratio>keep</aspectratio>
					</control>
					<control type="image" id="1">
						<left>187</left>
						<top>0</top>
						<width>86</width>
						<height>33</height>
						<texture>$INFO[VideoPlayer.VideoCodec,flags/videocodec/,.png]</texture>
						<aspectratio>keep</aspectratio>
					</control>
					<control type="image" id="1">
						<visible>!Skin.HasSetting(Shadow)</visible>
						<left>280</left>
						<top>2</top>
						<width>86</width>
						<height>33</height>
						<texture colordiffuse="black">$INFO[VideoPlayer.AudioCodec,flags/audio/,.png]</texture>
						<aspectratio>keep</aspectratio>
						<visible>!String.Contains(Player.FilenameAndPath,.atmos)</visible>
					</control>
					<control type="image" id="1">
						<left>278</left>
						<top>0</top>
						<width>86</width>
						<height>33</height>
						<texture>$INFO[VideoPlayer.AudioCodec,flags/audio/,.png]</texture>
						<aspectratio>keep</aspectratio>
						<visible>!String.Contains(Player.FilenameAndPath,.atmos)</visible>
					</control>
					<control type="image" id="1">
						<visible>!Skin.HasSetting(Shadow)</visible>
						<left>280</left>
						<top>2</top>
						<width>86</width>
						<height>33</height>
						<texture colordiffuse="black">flags/audio/atmos.png</texture>
						<aspectratio>keep</aspectratio>
						<visible>[String.Contains(VideoPlayer.AudioCodec,eac3) | String.Contains(VideoPlayer.AudioCodec,truehd)] + String.Contains(Player.FilenameAndPath,.atmos)</visible>
					</control>
					<control type="image" id="1">
						<left>278</left>
						<top>0</top>
						<width>86</width>
						<height>33</height>
						<texture>flags/audio/atmos.png</texture>
						<aspectratio>keep</aspectratio>
						<visible>[String.Contains(VideoPlayer.AudioCodec,eac3) | String.Contains(VideoPlayer.AudioCodec,truehd)] + String.Contains(Player.FilenameAndPath,.atmos)</visible>
					</control>
					<control type="image" id="1">
						<visible>!Skin.HasSetting(Shadow)</visible>
						<left>371</left>
						<top>2</top>
						<width>86</width>
						<height>33</height>
						<texture colordiffuse="black">$INFO[VideoPlayer.AudioChannels,flags/audio/,.png]</texture>
						<aspectratio>keep</aspectratio>
					</control>
					<control type="image" id="1">
						<left>369</left>
						<top>0</top>
						<width>86</width>
						<height>33</height>
						<texture>$INFO[VideoPlayer.AudioChannels,flags/audio/,.png]</texture>
						<aspectratio>keep</aspectratio>
					</control>
				</control>
				<control type="group" id="1">
				<left>480r</left>900r
				<top>890</top>
				<visible>VideoPlayer.Content(LiveTV)</visible>
					<control type="image" id="1">
						<visible>!Skin.HasSetting(Shadow)</visible>
						<left>-84</left>
						<top>2</top>
						<width>86</width>
						<height>33</height>
						<texture colordiffuse="black">flags/resolution/HDR.png</texture>
						<aspectratio>keep</aspectratio>
						<visible>String.Contains(Player.FilenameAndPath,HDR)</visible>
					</control>
					<control type="image" id="1">
						<left>-86</left>
						<top>0</top>
						<width>86</width>
						<height>33</height>
						<texture>flags/resolution/HDR.png</texture>
						<aspectratio>keep</aspectratio>
						<visible>String.Contains(Player.FilenameAndPath,HDR)</visible>
					</control>
					<control type="image" id="1">
						<visible>!Skin.HasSetting(Shadow)</visible>
						<left>7</left>
						<top>2</top>
						<width>86</width>
						<height>33</height>
						<texture colordiffuse="black">$INFO[VideoPlayer.VideoAspect,flags/aspectratio/,.png]</texture>
						<aspectratio>keep</aspectratio>
					</control>
					<control type="image" id="1">
						<left>5</left>
						<top>0</top>
						<width>86</width>
						<height>33</height>
						<texture>$INFO[VideoPlayer.VideoAspect,flags/aspectratio/,.png]</texture>
						<aspectratio>keep</aspectratio>
					</control>
					<control type="image" id="1">
						<visible>!Skin.HasSetting(Shadow)</visible>
						<left>98</left>
						<top>2</top>
						<width>86</width>
						<height>33</height>
						<texture colordiffuse="black">$INFO[VideoPlayer.VideoResolution,flags/resolution/,.png]</texture>
						<aspectratio>keep</aspectratio>
					</control>
					<control type="image" id="1">
						<left>96</left>
						<top>0</top>
						<width>86</width>
						<height>33</height>
						<texture>$INFO[VideoPlayer.VideoResolution,flags/resolution/,.png]</texture>
						<aspectratio>keep</aspectratio>
					</control>
					<control type="image" id="1">
						<visible>!Skin.HasSetting(Shadow)</visible>
						<left>189</left>
						<top>2</top>
						<width>86</width>
						<height>33</height>
						<texture colordiffuse="black">$INFO[VideoPlayer.VideoCodec,flags/videocodec/,.png]</texture>
						<aspectratio>keep</aspectratio>
					</control>
					<control type="image" id="1">
						<left>187</left>
						<top>0</top>
						<width>86</width>
						<height>33</height>
						<texture>$INFO[VideoPlayer.VideoCodec,flags/videocodec/,.png]</texture>
						<aspectratio>keep</aspectratio>
					</control>
					<control type="image" id="1">
						<visible>!Skin.HasSetting(Shadow)</visible>
						<left>280</left>
						<top>2</top>
						<width>86</width>
						<height>33</height>
						<texture colordiffuse="black">$INFO[VideoPlayer.AudioCodec,flags/audio/,.png]</texture>
						<aspectratio>keep</aspectratio>
						<visible>!String.Contains(Player.FilenameAndPath,.atmos)</visible>
					</control>
					<control type="image" id="1">
						<left>278</left>
						<top>0</top>
						<width>86</width>
						<height>33</height>
						<texture>$INFO[VideoPlayer.AudioCodec,flags/audio/,.png]</texture>
						<aspectratio>keep</aspectratio>
						<visible>!String.Contains(Player.FilenameAndPath,.atmos)</visible>
					</control>
					<control type="image" id="1">
						<visible>!Skin.HasSetting(Shadow)</visible>
						<left>280</left>
						<top>2</top>
						<width>86</width>
						<height>33</height>
						<texture colordiffuse="black">flags/audio/atmos.png</texture>
						<aspectratio>keep</aspectratio>
						<visible>[String.Contains(VideoPlayer.AudioCodec,eac3) | String.Contains(VideoPlayer.AudioCodec,truehd)] + String.Contains(Player.FilenameAndPath,.atmos)</visible>
					</control>
					<control type="image" id="1">
						<left>278</left>
						<top>0</top>
						<width>86</width>
						<height>33</height>
						<texture>flags/audio/atmos.png</texture>
						<aspectratio>keep</aspectratio>
						<visible>[String.Contains(VideoPlayer.AudioCodec,eac3) | String.Contains(VideoPlayer.AudioCodec,truehd)] + String.Contains(Player.FilenameAndPath,.atmos)</visible>
					</control>
					<control type="image" id="1">
						<visible>!Skin.HasSetting(Shadow)</visible>
						<left>371</left>
						<top>2</top>
						<width>86</width>
						<height>33</height>
						<texture colordiffuse="black">$INFO[VideoPlayer.AudioChannels,flags/audio/,.png]</texture>
						<aspectratio>keep</aspectratio>
					</control>
					<control type="image" id="1">
						<left>369</left>
						<top>0</top>
						<width>86</width>
						<height>33</height>
						<texture>$INFO[VideoPlayer.AudioChannels,flags/audio/,.png]</texture>
						<aspectratio>keep</aspectratio>
					</control>
				</control>
				<control type="group" id="1">
				<visible>!VideoPlayer.Content(LiveTV)</visible>
					<control type="image" id="1">
						<left>600r</left>
						<top>450</top>
						<width>380</width>
						<height>380</height>
						<texture diffuse="backgrounds/cdart-mask.png" >$INFO[Player.Art(tvshow.poster)]</texture>
						<animation effect="rotate" end="-360" center="auto" time="12000" loop="true" reversible="false" condition="true">Conditional</animation>
					</control>
					<control type="image" id="1">
						<left>600r</left>
						<top>450</top>
						<width>380</width>
						<height>380</height>
						<texture diffuse="backgrounds/cdart-mask.png" >$INFO[Player.Art(poster)]</texture>
						<animation effect="rotate" end="-360" center="auto" time="12000" loop="true" reversible="false" condition="true">Conditional</animation>
					</control>
					<control type="image" id="1">
						<left>600r</left>
						<top>450</top>
						<width>380</width>
						<height>380</height>
						<texture>backgrounds/cdarttop.png</texture>
						<animation effect="rotate" end="-360" center="auto" time="12000" loop="true" reversible="false" condition="true">Conditional</animation>
						<visible>!String.IsEmpty(Player.Art(poster))</visible>
						<visible>!String.IsEmpty(Player.Art(tvshow.poster))</visible>
					</control>
					<control type="image" id="1">
						<left>600r</left>
						<top>450</top>
						<width>380</width>
						<height>380</height>
						<texture>$INFO[Player.Art(discart)]</texture>
						<animation effect="rotate" end="-360" center="auto" time="12000" loop="true" reversible="false" condition="true">Conditional</animation>
					</control>
				</control>
				<control type="image" id="1">
					<visible>!Skin.HasSetting(Shadow)</visible>
					<left>419r</left>
					<top>325</top>
					<width>404</width>
					<height>606</height>
					<texture>$INFO[Player.Art(tvshow.poster)]</texture>
					<aspectratio align="right" aligny="bottom">stretch</aspectratio>
				</control>
				<control type="image" id="1">
					<left>424r</left>
					<top>320</top>
					<width>404</width>
					<height>606</height>
					<texture>$INFO[Player.Art(tvshow.poster)]</texture>
					<aspectratio align="right" aligny="bottom">stretch</aspectratio>
				</control>
				<control type="image" id="1">
					<visible>!Skin.HasSetting(Shadow)</visible>
					<left>419r</left>
					<top>325</top>
					<width>404</width>
					<height>606</height>
					<texture colordiffuse="black">$INFO[Player.Art(poster)]</texture>
					<aspectratio align="right" aligny="bottom">stretch</aspectratio>
				</control>
				<control type="image" id="1">
					<left>424r</left>
					<top>320</top>
					<width>404</width>
					<height>606</height>
					<texture>$INFO[Player.Art(poster)]</texture>
					<aspectratio align="right" aligny="bottom">stretch</aspectratio>
				</control>
			</control>
		</control>
	</controls>
</window>