<?xml version="1.0" encoding="utf-8" standalone="yes"?>
<scraper framework="1.1" date="2013-01-18" name="Excalibur" content="movies" thumb="excalibur.jpg" language="en">
	<NfoUrl dest="3">
		<RegExp input="$$1" output="&lt;url&gt;http://www.excaliburfilms.com/AdultDVD/\1.htm&lt;/url&gt;" dest="3">
			<expression noclean="1">excaliburfilms.com/AdultDVD/([^.]*)</expression>
		</RegExp>
	</NfoUrl>
	<CreateSearchUrl dest="3">
		<RegExp input="$$1" output="&lt;url&gt;http://www.excaliburfilms.com/search/adultSearch.htm?searchString=\1&amp;amp;Case=ExcalMovies&amp;amp;Search=AdultDVDMovies&amp;amp;SearchFor=Title.x&lt;/url&gt;" dest="3">
			<expression noclean="1" />
		</RegExp>
	</CreateSearchUrl>
	<GetSearchResults dest="6">
		<RegExp input="$$5" output="&lt;?xml version=&quot;1.0&quot; encoding=&quot;iso-8859-1&quot; standalone=&quot;yes&quot;?&gt;&lt;results&gt;\1&lt;/results&gt;" dest="6">
			<RegExp input="$$1" output="&lt;entity&gt;&lt;title&gt;\1&lt;/title&gt;&lt;url&gt;\3&lt;/url&gt;&lt;/entity&gt;" dest="5+">
				<expression trim="1" noclean="3">&lt;title&gt;([^&lt;]*?)\s*(DVD|Blu-Ray\sDVD|VHS-NTSC|VHS-PAL)?&lt;/title&gt;.*?rel="canonical"\shref="([^"]*)"</expression>
			</RegExp>
			<RegExp input="$$1" output="&lt;entity&gt;&lt;title&gt;\2&lt;/title&gt;&lt;url&gt;\1&lt;/url&gt;&lt;/entity&gt;" dest="5+">
				<expression repeat="yes" trim="2" noclean="1">&lt;a\shref="([^"]*)"[^&gt;]*class="searchTitle[^"]*"&gt;([^&lt;]*)&lt;/a&gt;</expression>
			</RegExp>
			<expression noclean="1" />
		</RegExp>
	</GetSearchResults>
	<GetDetails dest="3">
		<RegExp input="$$5" output="&lt;details&gt;\1&lt;/details&gt;" dest="3">
			<RegExp input="$$1" output="&lt;title&gt;\1&lt;/title&gt;" dest="5+">
				<expression trim="1">&lt;title&gt;([^&lt;]*?)\s*(DVD|Blu-Ray\sDVD|VHS-NTSC|VHS-PAL)?&lt;/title&gt;</expression>
			</RegExp>
			<RegExp input="$$1" output="&lt;thumb&gt;http://images.excaliburfilms.com/DVD/reviews/imagesBB020609/largemoviepic/\1.jpg&lt;/thumb&gt;" dest="5+">
				<expression>imagesBB020609/([^\.]*)</expression>
			</RegExp>
			<RegExp input="$$1" output="&lt;thumb&gt;http://images.excaliburfilms.com/DVD/reviews/imagesBB020609/largemoviepic/\1-b.jpg&lt;/thumb&gt;" dest="5+">
				<expression>imagesBB020609/([^\.]*)</expression>
			</RegExp>
			<RegExp input="$$6" output="\1" dest="5+">
				<RegExp input="$$1" output="\1" dest="7">
					<expression trim="1" noclean="1">Starring:&lt;/font&gt;.*&lt;font class="starLink1"&gt;(.*?)&lt;/font&gt;</expression>
				</RegExp>
				<!--Actors with thumbs-->
				<RegExp input="$$7" output="&lt;actor&gt;&lt;name&gt;\2&lt;/name&gt;&lt;thumb&gt;http://images.excaliburfilms.com/pornlist/starpicsAA020309/\1.jpg&lt;/thumb&gt;&lt;/actor&gt;" dest="6+">
					<expression repeat="yes" trim="1">&lt;a href="/pornlist/(?:starpgs|malepgs)/([^\.]+)[^&gt;]*&gt;([^&lt;]*)</expression>
				</RegExp>
				<!--Actors without thumbs-->
				<RegExp input="$$7" output="&lt;actor&gt;&lt;name&gt;\1&lt;/name&gt;&lt;/actor&gt;" dest="6+">
					<expression repeat="yes" trim="1">,\s([\w\s-]+\.?[\w\s-]+)(\.$)?</expression>
				</RegExp>
				<expression noclean="1" />
			</RegExp>
			<RegExp input="$$1" output="&lt;mpaa&gt;\1&lt;/mpaa&gt;" dest="5+">
				<expression trim="1">&lt;a[^&gt;]*href="javascript:movierate[^"]*"[^&gt;]*&gt;([^&lt;]*)&lt;/a&gt;</expression>
			</RegExp>
			<RegExp input="$$1" output="&lt;genre&gt;\1&lt;/genre&gt;" dest="5+">
				<expression>href='/DVD/[^&gt;]*&gt;&lt;u&gt;([^&lt;]*)&lt;/u&gt;&lt;/a&gt;&lt;BR&gt;</expression>
			</RegExp>
			<RegExp input="$$1" output="&lt;year&gt;\1&lt;/year&gt;" dest="5+">
				<expression>release_production_Date.*?&gt;[0-9]*/[0-9]*/(.*?)&lt;</expression>
			</RegExp>
			<RegExp input="$$1" output="&lt;runtime&gt;\1&lt;/runtime&gt;" dest="5+">
				<expression>Time: &lt;/font&gt;&lt;[^&gt;]*&gt;([0-9]*)</expression>
			</RegExp>
			<RegExp input="$$1" output="&lt;plot&gt;\1&lt;/plot&gt;" dest="5+">
				<expression>Description:&lt;/B&gt;&lt;/font&gt;&lt;/a&gt;.*?&gt;&amp;quot;(.*?)&amp;quot;&lt;/font&gt;</expression>
			</RegExp>
			<RegExp input="$$1" output="&lt;studio&gt;\1&lt;/studio&gt;" dest="5+">
				<expression>href='/dvd/adultstudios/.*?&lt;u&gt;(.*?)&lt;/u&gt;</expression>
			</RegExp>
			<RegExp input="$$1" output="&lt;director&gt;\1&lt;/director&gt;" dest="5+">
				<expression>&gt;Director: &lt;/font&gt;[^&gt;]*&gt;([^&lt;]*)</expression>
			</RegExp>
			<expression noclean="1" />
		</RegExp>
	</GetDetails>
</scraper>
