<?xml version="1.0" encoding="UTF-8"?>
<addon id="resource.uisounds.kodi" version="19.01.1" name="[COLOR red][B]Stube [/COLOR][COLOR gold][/COLOR][COLOR ghostwhite]TV[/COLOR][COLOR mediumblue][/B][/COLOR] [COLOR ghostwhite] UI Sounds ML[/COLOR]" provider-name="CDTV Builds">
  <requires>
    <import addon="kodi.resource" version="1.0.0"/>
  </requires>
  <extension point="kodi.resource.uisounds"/>
  <extension point="kodi.addon.metadata">
    <summary lang="en">CDTV UI Sounds</summary>
    <description lang="en">CDTV UI Sounds v2 - Intro - I AM ON AND READY TO GO</description>
    <platform>all</platform>
  </extension>
</addon>
