{

  "32024": "fanart.jpg",
  "32025":"fanart.jpg",
  "32026":"fanart.jpg",
  "32027":"fanart.jpg",
  "32020":"fanart.jpg",
  "32021":"fanart.jpg",
  "32022":"fanart.jpg",
  "32028":"fanart.jpg",
  "32029":"fanart.jpg",
  "32030":"fanart.jpg",
  "32031":"fanart.jpg",
  "32032":"fanart.jpg",
  "32033":"fanart.jpg",
  "32034":"fanart.jpg",
  "32309":"fanart.jpg",
  
  "32295":"fanart.jpg",
  "32036":"fanart.jpg",
  "32037":"fanart.jpg",
  "32038":"fanart.jpg",
  "32039":"fanart.jpg",
  "32040":"fanart.jpg",
  "32041":"fanart.jpg",
  "32042":"fanart.jpg",
  "32043":"fanart.jpg",
  "32044":"fanart.jpg",
  "32045":"fanart.jpg",
  "32046":"fanart.jpg",
  "32047":"fanart.jpg",
  "32023":"fanart.jpg",
  "32012":"fanart.jpg",
  "32013":"fanart.jpg",
  "32014":"fanart.jpg",
  "32015":"fanart.jpg",
  "32016":"fanart.jpg",
  "32017":"fanart.jpg",
  "32018":"fanart.jpg",
  "32019":"fanart.jpg",
  "32313":"fanart.jpg"
 
  

}