{
  "channels": [
    {
      "guid": "8D9FBD00-2284-11E0-8957-55B8DFD72085",
      "name": "TV3 Play (Latvija)",
      "description": {
        "en": "Broadcasts and shows from TV3Play.lv",
        "lv": "Sändningar från TV3Play.lv"
      },
      "icon": "tv3lvlarge.png",
      "category": "National",
      "channelcode": "tv3lv",
      "sortorder": 3,
      "language": "lv",
      "fanart": "tv3lvfanart.jpg"
    },
    {
      "guid": "45527F0C-91FE-11E1-942B-5AB5BBE59B18",
      "name": "TV3 Play (Eesti)",
      "description": {
        "en": "Broadcasts and shows from TV3Play.ee",
        "et": "TV3Play.ee episoodid"
      },
      "icon": "tv3eelarge.png",
      "category": "National",
      "channelcode": "tv3ee",
      "sortorder": 3,
      "language": "ee",
      "fanart": "tv3eefanart.png"
    },
    {
      "guid": "82D73241-284B-4326-9E32-AFEF3C439951",
      "name": "TV6 Play (Eesti)",
      "description": {
        "en": "Broadcasts and shows from TV6Play.ee",
        "et": "TV6Play.ee episoodid"
      },
      "icon": "tv6eelarge.png",
      "category": "National",
      "channelcode": "tv6ee",
      "sortorder": 6,
      "language": "ee",
      "fanart": "tv6eefanart.png"
    },
    {
      "guid": "7FEDC7EA-2281-11E0-8F30-67B5DFD72085",
      "name": "TV3 Play (Lietuva)",
      "description": {
        "en": "Broadcasts and shows from TV3Play.lt web.tv",
        "lt": "TV3Play.lt web.tv"
      },
      "icon": "tv3ltlarge.png",
      "category": "National",
      "channelcode": "tv3lt",
      "sortorder": 3,
      "language": "lt",
      "fanart": "tv3ltfanart.jpg"
    },
    {
      "guid": "49A02D20-2283-11E0-8771-2AB7DFD72085",
      "name": "TV6 Play (Lietuva)",
      "description": {
        "en": "Broadcasts and shows from TV6Play.lt web.tv",
        "lt": "TV6Play.lt web.tv"
      },
      "icon": "tv6large.png",
      "category": "National",
      "channelcode": "tv6lt",
      "sortorder": 6,
      "language": "lt",
      "fanart": "tv6viasatfanart.png"
    },
    {
      "guid": "1F41C7FB-D3EC-4C4A-84BD-E063A8F6FFAD",
      "name": "TV8 Play (Lietuva)",
      "description": {
        "en": "Broadcasts and shows from TV8Play.lt web.tv",
        "lt": "TV8Play.lt web.tv"
      },
      "icon": "tv8ltlarge.png",
      "category": "National",
      "channelcode": "tv8lt",
      "sortorder": 8,
      "language": "lt",
      "fanart": "tv8ltfanart.jpg"
    }
  ],
  "settings": [
  ]
}