<?xml version="1.0" encoding="UTF-8"?>
<addon id="plugin.video.dokustreams.de" name="Dokustreams.de" version="1.2.0+matrix" provider-name="itouch5000">
    <requires>
        <import addon="xbmc.python" version="3.0.0"/>
        <import addon="script.module.requests" version="2.7.0"/>
        <import addon="script.module.beautifulsoup4" version="4.6.2"/>
        <import addon="script.module.html5lib" version="0.999.0"/>
        <import addon="plugin.video.youtube" version="5.1.20.6"/>
    </requires>
    <extension point="xbmc.python.pluginsource" library="default.py">
        <provides>video</provides>
    </extension>
    <extension point="xbmc.addon.metadata">
        <platform>all</platform>
        <summary lang="en">View documentation and reports online</summary>
        <summary lang="de">Dokumentationen und Reportagen online schauen</summary>
        <description lang="en">Watch documentaries, reports, interviews and discussion programmes online for free.</description>
		<description lang="de">Dokumentationen, Reportagen, Interviews und Diskussionssendungen kostenlos online schauen.</description>
        <source>https://github.com/itouch5000/plugin.video.dokustreams.de</source>
        <forum>https://www.kodinerds.net/index.php/Thread/59536-Release-Dokustreams-de/</forum>
        <license>GPL 2.0</license>
        <assets>
            <icon>icon.png</icon>
        </assets>
    </extension>
</addon>
