<?xml version="1.0" encoding="UTF-8"?>
<addon id="pvr.cobramod-armv7" version="19.0.0" name="CobraMod PVR Client" provider-name="Cobra@Anto">
  <requires>
<import addon="kodi.binary.global.main" minversion="1.2.0" version="1.3.0"/>
<import addon="kodi.binary.global.general" minversion="1.0.4" version="1.0.5"/>
<import addon="kodi.binary.global.filesystem" minversion="1.1.0" version="1.1.6"/>
<import addon="kodi.binary.global.tools" minversion="1.0.0" version="1.0.4"/>
<import addon="kodi.binary.instance.pvr" minversion="7.1.0" version="7.1.0"/>
</requires>
  <extension point="kodi.pvrclient" library_android="libpvr.stalker.so"/>
  <extension point="xbmc.addon.metadata">
    <platform>android-armv7</platform>
    <license>GPL-2.0-or-later</license>
    <source>https://github.com/cobramod/repository.cobramod/tree/main/repo/pvr.cobramod-armv7</source>
    <forum>https://forum.kodi.tv/forumdisplay.php?fid=234</forum>
    <assets>
      <icon>icon.png</icon>
    </assets>
  </extension>
</addon>
