<?xml version="1.0" encoding="UTF-8" standalone="yes"?>
<addon id="plugin.program.exit" name="Exit" version="99.0.0" provider-name="unknow user darknet">
    <requires>
		<import addon="xbmc.python" version="3.0.0"/>
			</requires>
	<extension point="xbmc.python.pluginsource" library="addon.py">
		<provides>executable</provides>
	</extension>
	<extension point="xbmc.addon.metadata">
		<platform>all</platform>
		<summary></summary>
        <assets>
            <icon>icon.png</icon>
            <fanart>fanart.jpg</fanart>
        </assets>
		<description></description>
	</extension>
</addon>
