<?xml version="1.0" encoding="utf-8" standalone="yes"?>
<addon id="plugin.video.ran_de" name="ran Sports" version="3.0.0+matrix.1" provider-name="Maven, Linkinsoldier">
	<requires>
		<import addon="xbmc.python" version="3.0.0"/>
		<import addon="script.module.requests" version="2.22.0" />
		<import addon="script.module.inputstreamhelper" version="0.4.4"/>
		<import addon="script.module.kodi-six" version="0.1.3.1"/>
	</requires>
	<extension point="xbmc.python.pluginsource" library="default.py">
		<provides>video</provides>
	</extension>
	<extension point="xbmc.addon.metadata">
		<summary lang="de">Livestreams und Videos von ran Sports</summary>
		<summary lang="en">Livestreams and Videos from ran Sports</summary>
		<description lang="de">Dieses Addon erlaubt dir ran Sports Videos von ProSiebenSat.1 &amp; ran.de in der senderübergreifenden Mediathek von (Pro7 &amp; Pro7 Maxx) zu betrachten.</description>
		<description lang="en">This Addon allows you to watch livestreams and videos created by ran Sports broadcasted by ProSiebenSat.1 &amp; ran.de in the trans-media library.</description>
		<disclaimer lang="de">Die von diesem Addon dargestellten Inhalte werden von den Erstellern des Addons weder gehostet oder verbreitet, noch stehen die Ersteller in irgendeiner Beziehung zu den Anbietern des Inhalts.</disclaimer>
		<disclaimer lang="en">The author does not host or distribute any of the content displayed by this addon. The author does not have any affiliation with the content providers.</disclaimer>
		<language></language>
		<platform>all</platform>
		<license>GNU GENERAL PUBLIC LICENSE. Version 2, June 1991</license>
		<forum>https://www.kodinerds.net/index.php/Thread/55451-L0REs-Blog/</forum>
		<website></website>
		<email></email>
		<source>https://github.com/Maven85/plugin.video.ran_de</source>
		<assets>
			<icon>resources/icon.png</icon>
			<fanart>resources/fanart.png</fanart>
            <screenshot>resources/media/screenshot00000.png</screenshot>
            <screenshot>resources/media/screenshot00001.png</screenshot>
            <screenshot>resources/media/screenshot00002.png</screenshot>
		</assets>
		<news>Complete re-Write of the ran Addon based on Mavens ProSiebenSat.1 Addon</news>
	</extension>
</addon>
