<?xml version="1.0" encoding="UTF-8" standalone="yes"?>
<addon id="metadata.movie.data18.com"
       name="Data 18"
       version="1.3.2"
       provider-name="xbmc-adult">
  <requires>
    <import addon="xbmc.metadata" version="1.0"/>
    <import addon="metadata.common.themoviedb.org" version="1.0"/>
  </requires>
  <extension point="xbmc.metadata.scraper.movies"
             language="en"
             library="data18.xml"/>
  <extension point="xbmc.addon.metadata">
    <summary lang="en">Data 18 Scraper</summary>
    <description lang="en">Download XXX Movie information from data18.com</description>
    <platform>all</platform>
  </extension>
</addon>
