﻿<?xml version="1.0" encoding="utf-8"?><scraper framework="1.1" date="2013-01-28" name="Data18" content="movies" language="en">
	<CreateSearchUrl clearbuffers="no" dest="3">
		<RegExp input="$$1" output="&lt;url&gt;http://www.data18.com/search/?k=\1&amp;t=0|User-Agent=Mozilla&lt;/url&gt;" dest="3">
			<expression noclean="1" />
		</RegExp>
	</CreateSearchUrl>
	<GetSearchResults clearbuffers="no" dest="6">
		<RegExp input="$$4" output="&lt;?xml version=&quot;1.0&quot; encoding=&quot;UTF-8&quot; standalone=&quot;yes&quot;?&gt;&lt;results&gt;\1&lt;/results&gt;" dest="6">
			<RegExp input="$$1" output="&lt;entity&gt;&lt;title&gt;\2&lt;/title&gt;&lt;url&gt;\1&lt;/url&gt;&lt;/entity&gt;" dest="4+">
				<expression repeat="yes" noclean="1">&lt;a href="(http://www.data18.com/[^/]*/\d+/)"&gt;&lt;img src=[^ ]* class=[^ ]* title="([^"]*)"</expression>
			</RegExp>
			<expression noclean="1" />
		</RegExp>
	</GetSearchResults>
	<GetDetails clearbuffers="no" dest="7">
		<RegExp input="$$5" output="&lt;?xml version=&quot;1.0&quot; encoding=&quot;utf-8&quot; standalone=&quot;yes&quot;?&gt;&lt;details&gt;\1&lt;/details&gt;" dest="7">
			<RegExp input="$$1" output="&lt;title&gt;\1&lt;/title&gt;" dest="5+">
				<expression trim="1">&lt;h1[^&gt;]*&gt;([^&lt;]*)&lt;/h1&gt;</expression>
			</RegExp>
			<RegExp input="$$1" output="&lt;plot&gt;\1&lt;/plot&gt;" dest="5+">
				<expression trim="1">&lt;b&gt;Description:&lt;/b&gt;&lt;br /&gt;([^&lt;]*)&lt;/p&gt;</expression>
			</RegExp>
			<!--Actors with thumbs-->
			<RegExp input="$$1" output="&lt;actor&gt;&lt;name&gt;\3&lt;/name&gt;&lt;thumb&gt;\1/120/\2&lt;/thumb&gt;&lt;/actor&gt;" dest="5+">
				<expression repeat="yes" trim="3" noclean="1,2">&lt;img src="(http://www.data18.com/img/stars)/60/([^"]*)"[^&lt;]*alt="([^"]*)</expression>
			</RegExp>
			<!--Actors with no thumbs-->
			<RegExp input="$$1" output="&lt;actor&gt;&lt;name&gt;\1&lt;/name&gt;&lt;/actor&gt;" dest="5+">
				<expression repeat="yes" trim="1">&lt;img src="http://www.data18.com/img/no_prev_60.gif"[^&lt;]*alt="([^"]*)</expression>
			</RegExp>
			<!--Actors with unambiquous name and no info-->
			<RegExp input="$$1" output="&lt;actor&gt;&lt;name&gt;\1&lt;/name&gt;&lt;/actor&gt;" dest="5+">
				<expression repeat="yes" trim="1">&lt;a href="http://www.data18.com/dev/[^"]*"&gt;([^&lt;&amp;-]*)&lt;/a&gt;</expression>
			</RegExp>
			<RegExp input="$$1" output="&lt;thumb spoof=&quot;http://www.data18.com&quot; aspect=&quot;poster&quot;&gt;\1/0/\2&lt;/thumb&gt;" dest="5+">
				<expression noclean="1,2">&lt;img src="([^"]*)/2_new/([^"]*)" alt="Enlarge Cover"</expression>
			</RegExp>
			<RegExp input="$$1" output="&lt;thumb spoof=&quot;http://www.data18.com&quot; aspect=&quot;poster&quot;&gt;\1/2/\2&lt;/thumb&gt;" dest="5+">
				<expression noclean="1,2">&lt;img src="([^"]*)/2/([^"]*)" alt="Enlarge Cover"</expression>
			</RegExp>
			<RegExp input="$$1" output="&lt;thumb spoof=&quot;http://www.data18.com&quot; aspect=&quot;poster&quot;&gt;\1/e/\2&lt;/thumb&gt;" dest="5+">
				<expression noclean="1,2">&lt;img src="([^"]*)/e1/([^"]*)" alt="Enlarge Cover"</expression>
			</RegExp>
			<RegExp input="$$1" output="&lt;thumb spoof=&quot;http://www.data18.com&quot; aspect=&quot;poster&quot;&gt;\1/covers/\2/0/\3&lt;/thumb&gt;" dest="5+">
				<expression noclean="1">&lt;img src="([^"]*)/covers/([^"]*)/2/([^"]*)" alt="Enlarge Cover"</expression>
			</RegExp>
			<RegExp input="$$1" output="&lt;runtime&gt;\1&lt;/runtime&gt;" dest="5+">
				<expression>Length:&lt;/b&gt;\s*(\d+)</expression>
			</RegExp>
			<RegExp input="$$1" output="&lt;director&gt;\1&lt;/director&gt;" dest="5+">
				<expression trim="1">Director:&lt;/b&gt;[^&gt;]*&gt;([^&lt;]*)</expression>
			</RegExp>
			<RegExp input="$$1" output="&lt;studio&gt;\1&lt;/studio&gt;" dest="5+">
				<expression trim="1">Studio:&lt;/b&gt;[^&gt;]*&gt;([^&lt;]*)</expression>
			</RegExp>
			<RegExp input="$$1" output="&lt;set&gt;\1&lt;/set&gt;" dest="5+">
				<expression trim="1">\s+-\s+&lt;a[^&gt;]*&gt;([^&lt;]*)\sSeries&lt;/a&gt;</expression>
			</RegExp>
			<RegExp input="$$1" output="&lt;year&gt;\1&lt;/year&gt;" dest="5+">
				<expression>Release date:&lt;/b&gt;[^\d]*(\d{4})</expression>
			</RegExp>
			<RegExp input="$$8" output="&lt;genre&gt;\1&lt;/genre&gt;" dest="5+">
				<RegExp input="$$1" output="\1" dest="8">
					<expression noclean="1">&lt;b&gt;Categories:&lt;/b&gt;(.*?)&lt;/div</expression>
				</RegExp>
				<expression repeat="yes" trim="1">&lt;a href=[^&gt;]*&gt;([^&lt;]*)</expression>
			</RegExp>
			<expression noclean="1" />
		</RegExp>
	</GetDetails>
</scraper>