﻿<?xml version="1.0" encoding="UTF-8"?>
<scraperfunctions>
	<GetOFDbPlotByIMDBId dest="5">
		<RegExp input="$$1" output="&lt;details&gt;&lt;url function=&quot;GetPlotLinkStep1&quot; cache=&quot;\1-ofdbgw.html&quot;&gt;http://ofdbgw.metawave.ch/imdb2ofdb/\1&lt;/url&gt;&lt;/details&gt;" dest="5">
			<expression />
		</RegExp>
	</GetOFDbPlotByIMDBId>
	<GetPlotLinkStep1 dest="5">
		<RegExp input="$$1" output="&lt;details&gt;&lt;url function=&quot;GetPlotLinkStep2&quot; cache=&quot;\1-ofdb.html&quot;&gt;http://www.ofdb.de/film/\1,&lt;/url&gt;&lt;/details&gt;" dest="5">
			<expression noclean="1">&lt;ofdbid&gt;([^&lt;]*)&lt;/ofdbid&gt;</expression>
		</RegExp>
	</GetPlotLinkStep1>
	<GetPlotLinkStep2 dest="5">
		<RegExp input="$$1" output="&lt;details&gt;&lt;url function=&quot;ParsePlot&quot; cache=&quot;\1-ofdbplot.html&quot;&gt;http://www.ofdb.de/plot/\1,\2,&lt;/url&gt;&lt;/details&gt;" dest="5">
			<expression>...\s&lt;a href=&quot;plot/([0-9]+),([0-9]+),</expression>
		</RegExp>
	</GetPlotLinkStep2>
	<ParsePlot dest="5">
		<RegExp input="$$7" output="&lt;details&gt;&lt;plot&gt;\1&lt;/plot&gt;&lt;/details&gt;" dest="5">
			<RegExp input="$$1" output="\1" dest="9">
				<expression noclean="1">Eine Inhaltsangabe von(.*)&lt;option value=&quot;All&quot;&gt;</expression>
			</RegExp>
			<RegExp input="$$9" output="\1" dest="7">
				<expression noclean="1">&lt;br&gt;&lt;br&gt;([^&lt;]+)</expression>
			</RegExp>
			<RegExp input="$$9" output=" \1" dest="7+">
				<expression noclean="1" repeat="yes">&lt;br /&gt;([^&lt;]+)</expression>
			</RegExp>
			<expression/>
		</RegExp>
	</ParsePlot>
</scraperfunctions>