<?xml version="1.0" encoding="UTF-8"?>
<window>
	<defaultcontrol always="true">11</defaultcontrol>
	<coordinates>
		<system>1</system>
		<left>0</left>
		<top>0</top>
	</coordinates>
	<animation effect="slide" start="-1000,0" end="0,0" time="400" tween="quadratic" easing="out">WindowOpen</animation>
	<animation effect="slide" end="-1000,0" start="0,0" time="200" tween="quadratic" easing="out">WindowClose</animation>
	<controls>
		<control type="group">
			<control type="image">
				<left>-16</left>
				<top>-16</top>
				<width>960</width>
				<height>1112</height>
				<texture border="16">dialog_context.png</texture>
				<colordiffuse>$VAR[ColorDialogVar]</colordiffuse>
			</control>
			<control type="group">
                <visible>Integer.IsGreater(Container(11).NumItems,0)</visible>
                <control type="image">
                    <left>20</left>
                    <top>15</top>
                    <width>690</width>
                    <height>6</height>
                    <visible>Control.HasFocus(11)</visible>
                    <animation effect="fade" time="320" delay="200">Visible</animation>
                    <animation effect="fade" time="50">Hidden</animation>
                    <texture colordiffuse="$VAR[ColorHighlightVar]" border="5">listselect_fo.png</texture>
                    <animation effect="slide" end="0,116" time="150" tween="cubic" easing="inout" condition="Integer.IsGreater(Container(11).Row,8)">Conditional</animation>
                    <animation effect="slide" end="0,116" time="150" tween="cubic" easing="inout" condition="Integer.IsGreater(Container(11).Row,7)">Conditional</animation>
                    <animation effect="slide" end="0,116" time="150" tween="cubic" easing="inout" condition="Integer.IsGreater(Container(11).Row,6)">Conditional</animation>
                    <animation effect="slide" end="0,116" time="150" tween="cubic" easing="inout" condition="Integer.IsGreater(Container(11).Row,5)">Conditional</animation>
                    <animation effect="slide" end="0,116" time="150" tween="cubic" easing="inout" condition="Integer.IsGreater(Container(11).Row,4)">Conditional</animation>
                    <animation effect="slide" end="0,116" time="150" tween="cubic" easing="inout" condition="Integer.IsGreater(Container(11).Row,3)">Conditional</animation>
                    <animation effect="slide" end="0,116" time="150" tween="cubic" easing="inout" condition="Integer.IsGreater(Container(11).Row,2)">Conditional</animation>
                    <animation effect="slide" end="0,116" time="150" tween="cubic" easing="inout" condition="Integer.IsGreater(Container(11).Row,1)">Conditional</animation>
                    <animation effect="slide" end="0,116" time="150" tween="cubic" easing="inout" condition="Integer.IsGreater(Container(11).Row,0)">Conditional</animation>
                </control>
                <control type="image">
                    <left>20</left>
                    <top>128</top>
                    <width>890</width>
                    <height>6</height>
                    <visible>Control.HasFocus(11)</visible>
                    <animation effect="fade" time="320" delay="200">Visible</animation>
                    <animation effect="fade" time="50">Hidden</animation>
                    <texture colordiffuse="$VAR[ColorHighlightVar]" border="5">listselect_fo.png</texture>
                    <animation effect="slide" end="0,116" time="150" tween="cubic" easing="inout" condition="Integer.IsGreater(Container(11).Row,8)">Conditional</animation>
                    <animation effect="slide" end="0,116" time="150" tween="cubic" easing="inout" condition="Integer.IsGreater(Container(11).Row,7)">Conditional</animation>
                    <animation effect="slide" end="0,116" time="150" tween="cubic" easing="inout" condition="Integer.IsGreater(Container(11).Row,6)">Conditional</animation>
                    <animation effect="slide" end="0,116" time="150" tween="cubic" easing="inout" condition="Integer.IsGreater(Container(11).Row,5)">Conditional</animation>
                    <animation effect="slide" end="0,116" time="150" tween="cubic" easing="inout" condition="Integer.IsGreater(Container(11).Row,4)">Conditional</animation>
                    <animation effect="slide" end="0,116" time="150" tween="cubic" easing="inout" condition="Integer.IsGreater(Container(11).Row,3)">Conditional</animation>
                    <animation effect="slide" end="0,116" time="150" tween="cubic" easing="inout" condition="Integer.IsGreater(Container(11).Row,2)">Conditional</animation>
                    <animation effect="slide" end="0,116" time="150" tween="cubic" easing="inout" condition="Integer.IsGreater(Container(11).Row,1)">Conditional</animation>
                    <animation effect="slide" end="0,116" time="150" tween="cubic" easing="inout" condition="Integer.IsGreater(Container(11).Row,0)">Conditional</animation>
                </control>
            </control>
			<control type="panel" id="11">
				<left>20</left>
				<top>17</top>
				<width>890</width>
				<height>1044</height>
				<onleft>PreviousChannelGroup</onleft>
				<onright>60</onright>
				<onup>11</onup>
				<ondown>11</ondown>
				<viewtype label="535">list</viewtype>
				<pagecontrol>60</pagecontrol>
				<scrolltime tween="quadratic" easing="out">200</scrolltime>
				<itemlayout height="116" width="890">
					<control type="image">
						<left>15</left>
						<top>10</top>
						<width>170</width>
						<height>96</height>
						<aspectratio align="center" aligny="center">keep</aspectratio>
						<texture background="true" fallback="DefaultTVShows.png">$INFO[ListItem.Icon]</texture>
					</control>
					<control type="label">
						<visible>ListItem.IsPlaying</visible>
						<left>200</left>
						<top>-1</top>
						<width>35</width>
						<height>60</height>
						<font>IconTiny</font>
						<label>I</label>
					</control>
					<control type="label">
						<left>840</left>
						<top>-6</top>
						<width>30</width>
						<height>70</height>
						<font>IconSmall</font>
						<label>j</label>
						<visible>ListItem.IsRecording</visible>
					</control>
					<control type="label">
						<animation effect="slide" time="0" tween="sine" easing="inout" start="0" end="35" condition="ListItem.IsPlaying">Conditional</animation>
						<left>200</left>
						<top>-7</top>
						<width>670</width>
						<height>70</height>
						<font>font30</font>
						<label>$INFO[ListItem.ChannelNumberLabel,,. ]$INFO[ListItem.Label]</label>
					</control>
					<control type="label">
						<left>200</left>
						<top>40</top>
						<width>670</width>
						<height>60</height>
						<label>$INFO[ListItem.Title]</label>
					</control>
					<control type="progress">
						<description>Progressbar</description>
						<left>200</left>
						<top>98</top>
						<width>670</width>
						<height>8</height>
						<texturebg colordiffuse="22ffffff" border="5">osd/midtexture.png</texturebg>
						<midtexture colordiffuse="$VAR[ColorDisabledVar]" border="5">osd/midtexture.png</midtexture>
						<visible>ListItem.HasEpg</visible>
						<info>ListItem.Progress</info>
					</control>
				</itemlayout>
				<focusedlayout height="116" width="890">
					<control type="image">
						<left>15</left>
						<top>10</top>
						<width>170</width>
						<height>96</height>
						<aspectratio align="center" aligny="center">keep</aspectratio>
						<texture background="true" fallback="DefaultTVShows.png">$INFO[ListItem.Icon]</texture>
					</control>
					<control type="label">
						<visible>ListItem.IsPlaying</visible>
						<left>200</left>
						<top>-1</top>
						<width>35</width>
						<height>60</height>
						<font>IconTiny</font>
						<label>I</label>
					</control>
					<control type="label">
						<left>840</left>
						<top>-6</top>
						<width>30</width>
						<height>70</height>
						<font>IconSmall</font>
						<label>j</label>
						<visible>ListItem.IsRecording</visible>
					</control>
					<control type="label">
						<animation effect="slide" time="0" tween="sine" easing="inout" start="0" end="35" condition="ListItem.IsPlaying">Conditional</animation>
						<left>200</left>
						<top>-7</top>
						<width>670</width>
						<height>70</height>
						<font>font30</font>
						<label>$INFO[ListItem.ChannelNumberLabel,,. ]$INFO[ListItem.Label]</label>
					</control>
					<control type="label">
						<left>200</left>
						<top>40</top>
						<width>670</width>
						<height>60</height>
						<label>$INFO[ListItem.Title]</label>
					</control>
					<control type="progress">
						<description>Progressbar</description>
						<left>200</left>
						<top>98</top>
						<width>670</width>
						<height>8</height>
						<texturebg colordiffuse="22ffffff" border="5">osd/midtexture.png</texturebg>
						<midtexture colordiffuse="$VAR[ColorDisabledVar]" border="5">osd/midtexture.png</midtexture>
						<visible>ListItem.HasEpg</visible>
						<info>ListItem.Progress</info>
					</control>
				</focusedlayout>
			</control>
			<control type="scrollbar" id="60">
				<left>916</left>
				<top>17</top>
				<width>10</width>
				<height>1044</height>
				<onleft>11</onleft>
				<onright>NextChannelGroup</onright>
				<ondown>61</ondown>
				<onup>61</onup>
				<orientation>vertical</orientation>
			</control>
		</control>
	</controls>
</window>