<?xml version="1.0" encoding="UTF-8"?>
<window>
	<coordinates>
		<system>1</system>
		<left>502</left>
		<top>293</top>
	</coordinates>
	<include>Animation.Dialog</include>
	<controls>
		<include content="DialogBackgroundCommons">
			<param name="DialogBackgroundWidth" value="916" />
			<param name="DialogBackgroundHeight" value="494" />
			<param name="DialogHeaderLabel" value="" />
			<param name="DialogHeaderId" value="1" />
		</include>
		<control type="textbox" id="9">
			<left>45</left>
			<top>98</top>
			<width>825</width>
			<height>225</height>
			<font>font14_textbox</font>
			<label />
			<autoscroll time="3000" delay="4000" repeat="5000">true</autoscroll>
		</control>
		<control type="progress" id="20">
			<description>Progressbar</description>
			<left>45</left>
			<top>338</top>
			<width>825</width>
			<height>20</height>
		    <texturenofocus border="5">listselect_fo.png</texturenofocus>
			<info>System.Progressbar</info>
		</control>
		<control type="grouplist" id="9000">
 			<left>30</left>
 			<top>402</top>
 			<width>856</width>
 			<height>60</height>
 			<align>center</align>
 			<itemgap>14</itemgap>
 			<orientation>horizontal</orientation>
			<control type="button" id="11">
				<description>OK button</description>
				<width>276</width>
				<label />
				<font>font15_title</font>
				<align>center</align>
				<texturefocus border="5">listselect_fo.png</texturefocus>
			</control>
			<control type="button" id="10">
				<description>Cancel button</description>
				<width>276</width>
				<label />
				<font>font15_title</font>
				<align>center</align>
				<texturefocus border="5">listselect_fo.png</texturefocus>
			</control>
			<control type="button" id="12">
				<description>Custom button</description>
				<width>276</width>
				<label />
				<font>font15_title</font>
				<align>center</align>
				<texturefocus border="5">listselect_fo.png</texturefocus>
			</control>
		</control>
	</controls>
</window>