<?xml version="1.0" encoding="UTF-8"?>
<window>
	<defaultcontrol always="true">50</defaultcontrol>
	<allowoverlay>no</allowoverlay>
	<onload>SetProperty(Window.HasSettings,True,home)</onload>
	<onload>ClearProperty(MediaMenu,Home)</onload>
	<onunload>ClearProperty(Window.HasSettings,Home)</onunload>
	<controls>
            <control type="image">
    			<include>FullscreenDimensions</include>
    			<texture>black3.png</texture>
    		</control>
		<control type="group">
			<left>50</left>
			<top>80</top>
			<animation type="WindowOpen" reversible="false">
				<effect type="zoom" start="80" end="100" center="640,360" easing="out" tween="back" time="150" />
				<effect type="fade" start="0" end="100" time="150" />
			</animation>
			<animation type="WindowClose" reversible="false">
				<effect type="zoom" start="100" end="80" center="640,360" easing="in" tween="back" time="150" />
				<effect type="fade" start="100" end="0" time="150" />
			</animation>
			<control type="label" id="12">
				<description>current directory text label</description>
				<top>910</top>
				<width>821</width>
				<height>90</height>
				<font>font16</font>
				<textoffsetx>30</textoffsetx>
				<haspath>true</haspath>
			</control>
			<control type="scrollbar" id="60">
				<left>856</left>
				<top>182</top>
				<width>10</width>
				<height>720</height>
				<onleft>50</onleft>
				<onright>100</onright>
				<ondown>60</ondown>
				<onup>60</onup>
				<orientation>vertical</orientation>
			</control>
			<control type="list" id="50">
				<left>32</left>
				<top>182</top>
				<width>821</width>
				<height>720</height>
				<onleft>SetProperty(MediaMenu,True,home)</onleft>
				<onleft>SetFocus(9050)</onleft>
				<onright>60</onright>
				<onup>50</onup>
				<ondown>50</ondown>
				<pagecontrol>60</pagecontrol>
				<scrolltime tween="quadratic" easing="out">200</scrolltime>
				<itemlayout height="60" width="821">
					<control type="label">
						<width>630</width>
						<height>60</height>
						<font>font14</font>
						<textoffsetx>15</textoffsetx>
						<selectedcolor>$VAR[ColorHighlightVar]</selectedcolor>
						<label>$INFO[ListItem.Label]</label>
					</control>
					<control type="label">
						<left>821</left>
						<top>0</top>
						<width>821</width>
						<height>60</height>
						<font>font14</font>
						<textoffsetx>15</textoffsetx>
						<selectedcolor>$VAR[ColorHighlightVar]</selectedcolor>
						<align>right</align>
						<label>$INFO[ListItem.Label2]</label>
					</control>
				</itemlayout>
				<focusedlayout height="60" width="821">
					<control type="image">
						<width>821</width>
						<height>60</height>
						<texture border="5">listselect_fo.png</texture>
						<colordiffuse>$VAR[ColorHighlightVar]</colordiffuse>
						<visible>Control.HasFocus(50)</visible>
						<include>VisibleFadeEffect</include>
					</control>
					<control type="label">
						<width>821</width>
						<height>60</height>
						<font>font14</font>
						<textoffsetx>15</textoffsetx>
						<label>$INFO[ListItem.Label]</label>
					</control>
					<control type="label">
						<left>821</left>
						<width>821</width>
						<height>60</height>
						<font>font14</font>
						<textoffsetx>15</textoffsetx>
						<align>right</align>
						<label>$INFO[ListItem.Label2]</label>
					</control>
				</focusedlayout>
			</control>
		</control>
		<control type="group">
			<left>985</left>
			<top>80</top>
			<animation type="WindowOpen" reversible="false">
				<effect type="zoom" start="80" end="100" center="640,360" easing="out" tween="back" time="150" />
				<effect type="fade" start="0" end="100" time="150" />
			</animation>
			<animation type="WindowClose" reversible="false">
				<effect type="zoom" start="100" end="80" center="640,360" easing="in" tween="back" time="150" />
				<effect type="fade" start="100" end="0" time="150" />
			</animation>
			<control type="label" id="101">
				<description>current directory text label</description>
				<left>871</left>
				<top>910</top>
				<width>821</width>
				<height>90</height>
				<font>font16</font>
				<align>right</align>
				<textoffsetx>30</textoffsetx>
				<haspath>true</haspath>
			</control>
			<control type="scrollbar" id="61">
				<left>856</left>
				<top>182</top>
				<width>10</width>
				<height>720</height>
				<onleft>100</onleft>
				<onright>SetProperty(MediaMenu,True,home)</onright>
				<onright>SetFocus(9050)</onright>
				<ondown>21</ondown>
				<onup>21</onup>
				<orientation>vertical</orientation>
			</control>
			<control type="list" id="100">
				<left>32</left>
				<top>182</top>
				<width>821</width>
				<height>720</height>
				<onleft>60</onleft>
				<onright>61</onright>
				<onup>100</onup>
				<ondown>100</ondown>
				<pagecontrol>61</pagecontrol>
				<scrolltime tween="quadratic" easing="out">200</scrolltime>
				<itemlayout height="60" width="821">
					<control type="label">
						<left>0</left>
						<top>0</top>
						<width>630</width>
						<height>60</height>
						<font>font14</font>
						<textoffsetx>15</textoffsetx>
						<selectedcolor>$VAR[ColorHighlightVar]</selectedcolor>
						<label>$INFO[ListItem.Label]</label>
					</control>
					<control type="label">
						<left>821</left>
						<top>0</top>
						<width>821</width>
						<height>60</height>
						<font>font14</font>
						<textoffsetx>15</textoffsetx>
						<selectedcolor>$VAR[ColorHighlightVar]</selectedcolor>
						<align>right</align>
						<label>$INFO[ListItem.Label2]</label>
					</control>
				</itemlayout>
				<focusedlayout height="60" width="821">
					<control type="image">
						<width>821</width>
						<height>60</height>
						<texture border="5">listselect_fo.png</texture>
						<colordiffuse>$VAR[ColorHighlightVar]</colordiffuse>
						<visible>Control.HasFocus(100)</visible>
						<include>VisibleFadeEffect</include>
					</control>
					<control type="label">
						<width>821</width>
						<height>60</height>
						<font>font14</font>
						<textoffsetx>15</textoffsetx>
						<label>$INFO[ListItem.Label]</label>
					</control>
					<control type="label">
						<left>821</left>
						<width>821</width>
						<height>60</height>
						<font>font14</font>
						<textoffsetx>15</textoffsetx>
						<align>right</align>
						<label>$INFO[ListItem.Label2]</label>
					</control>
				</focusedlayout>
			</control>
		</control>
		<include>Topbar</include>
		<control type="group">
			<left>-440</left>
			<include>SideBladeLeft</include>
			<control type="grouplist" id="9050">
				<left>0</left>
				<top>100</top>
				<width>400</width>
				<height>1080</height>
				<onleft>9050</onleft>
				<onright>ClearProperty(MediaMenu,Home)</onright>
				<onright>50</onright>
				<onup>9050</onup>
				<ondown>9050</ondown>
				<onback>ClearProperty(MediaMenu,Home)</onback>
				<onback>50</onback>
				<itemgap>0</itemgap>
				<control type="label" id="200">
					<width>400</width>
					<height>52</height>
					<textoffsetx>15</textoffsetx>
					<font>font13_title</font>
					<label>31006</label>
					<textcolor>$VAR[ColorHighlightVar]</textcolor>
				</control>
				<control type="button" id="3">
					<description>Sort by button</description>
					<include>ButtonCommonValues</include>
					<label>103</label>
				</control>
				<control type="togglebutton" id="4">
					<description>Sort asc</description>
					<include>ButtonCommonValues</include>
					<label>31051</label>
					<altlabel>31050</altlabel>
					<usealttexture>Container.SortDirection(Ascending)</usealttexture>
				</control>
				<control type="button" id="201">
					<description>View options</description>
					<textwidth>352</textwidth>
					<font>font13_title</font>
					<include>ButtonCommonValues</include>
					<label>559</label>
					<enable>no</enable>
					<disabledcolor>$VAR[ColorHighlightVar]</disabledcolor>
				</control>
				<control type="button" id="6">
					<description>Search</description>
					<include>ButtonCommonValues</include>
					<label>31055</label>
				</control>
				<control type="button" id="7">
					<description>Search</description>
					<include>ButtonCommonValues</include>
					<label>31056</label>
				</control>
				<control type="button" id="8">
					<description>Search</description>
					<include>ButtonCommonValues</include>
					<label>31057</label>
				</control>
			</control>
		</control>
	</controls>
</window>