<?xml version="1.0" encoding="UTF-8"?>
<window>
	<defaultcontrol always="true">50</defaultcontrol>
	<menucontrol>9051</menucontrol>
	<allowoverlay>no</allowoverlay>
	<views>50,52,501,508</views>
	<onload>ClearProperty(MediaMenu,Home)</onload>
	<onunload>ClearProperty(MediaMenu,Home)</onunload>
	<controls>
            <control type="image">
    			<include>FullscreenDimensions</include>
    			<texture>black3.png</texture>
    		</control>
		<control type="group">
			<top>15</top>
			<include>View_50_List</include>
			<!-- view id = 50 -->
			<include>View_52_Thumbnail</include>
			<!-- view id = 52 -->
		</control>
		<control type="group">
			<include condition="Window.IsActive(musicplaylist)">MusicLowList</include>
			<!-- view id = 501 -->
			<include condition="Window.IsActive(musicplaylist)">View_508_SongList</include>
			<!-- view id = 508 -->
		</control>
		<include>Topbar</include>
		<control type="group">
			<left>-440</left>
			<include>SideBladeLeft</include>
			<control type="grouplist" id="9050">
				<include>MediaMenuTop</include>
				<control type="button" id="203">
                    <description>Actions label</description>
                    <textwidth>352</textwidth>
                    <font>font13_title</font>
                    <include>ButtonCommonValues</include>
                    <label>31039</label>
                    <enable>no</enable>
                    <disabledcolor>$VAR[ColorHighlightVar]</disabledcolor>
                </control>
				<control type="radiobutton" id="20">
					<description>Shuffle button</description>
					<include>ButtonCommonValues</include>
					<label>191</label>
				</control>
				<control type="button" id="26">
					<description>Repeat button</description>
					<textwidth>352</textwidth>
					<include>ButtonCommonValues</include>
					<label />
				</control>
				<control type="button" id="21">
					<description>Save button</description>
					<label>190</label>
					<textwidth>352</textwidth>
					<include>ButtonCommonValues</include>
				</control>
				<control type="button" id="22">
					<description>Clear button</description>
					<label>192</label>
					<onclick condition="Window.IsActive(musicplaylist)">ReplaceWindow(music)</onclick>
					<onclick condition="Window.IsActive(videoplaylist)">ReplaceWindow(Videos)</onclick>
					<textwidth>352</textwidth>
					<include>ButtonCommonValues</include>
				</control>
				<include>QuicknavButton</include>
				<include>PlaylistButtons</include>
				<include content="MenuPlayerControls">
					<param name="PlayerControlsOnDown" value="1802" />
				</include>
			</control>
			<include condition="!Skin.HasSetting(Disable.Quicknav)">QuicknavMenu</include>
		</control>
	</controls>
</window>