<?xml version="1.0" encoding="UTF-8"?>
<window>
	<defaultcontrol always="true">95</defaultcontrol>
	<menucontrol>9051</menucontrol>
	<onload>SetProperty(Window.HasSettings,True,home)</onload>
	<onload>ClearProperty(MediaMenu,Home)</onload>
	<onunload>ClearProperty(Window.HasSettings,Home)</onunload>
	<allowoverlay>no</allowoverlay>
	<controls>
            <control type="image">
    			<include>FullscreenDimensions</include>
    			<texture>black3.png</texture>
    		</control>
			<control type="videowindow">
				<left>50</left>
				<top>-500</top>
				<width>412</width>
				<height>234</height>
				<visible>Player.HasVideo + !SlideShow.IsActive</visible>
			</control>
		<control type="group">
			<left>0</left>
			<top>180</top>
			<include>Animation.Common</include>
			<control type="grouplist" id="9000">
				<left>82</left>
				<top>0</top>
				<width>356</width>
				<height>840</height>
				<itemgap>0</itemgap>
				<onleft>SetProperty(MediaMenu,True,home)</onleft>
				<onleft>SetFocus(9050,11)</onleft>
				<onup>9000</onup>
				<ondown>9000</ondown>
				<onright condition="Control.HasFocus(100)">60</onright>
				<control type="button" id="95">
					<description>Button Summary Values</description>
					<height>90</height>
					<width>356</width>
					<textoffsetx>15</textoffsetx>
					<align>right</align>
					<font>font15</font>
					<label>20037</label>
				</control>
				<control type="button" id="94">
					<description>Button Storage</description>
					<height>90</height>
					<width>356</width>
					<textoffsetx>15</textoffsetx>
					<align>right</align>
					<font>font15</font>
					<label>13277</label>
				</control>
				<control type="button" id="96">
					<description>Button Network</description>
					<height>90</height>
					<width>356</width>
					<textoffsetx>15</textoffsetx>
					<align>right</align>
					<font>font15</font>
					<label>13279</label>
				</control>
				<control type="button" id="97">
					<description>Button Video</description>
					<height>90</height>
					<width>356</width>
					<textoffsetx>15</textoffsetx>
					<align>right</align>
					<font>font15</font>
					<label>13280</label>
				</control>
				<control type="button" id="98">
					<description>Button Hardware</description>
					<height>90</height>
					<width>356</width>
					<textoffsetx>15</textoffsetx>
					<align>right</align>
					<font>font15</font>
					<label>13281</label>
				</control>
				<control type="button" id="99">
					<description>Button PVR</description>
					<height>90</height>
					<width>356</width>
					<textoffsetx>15</textoffsetx>
					<align>right</align>
					<font>font15</font>
					<label>19191</label>
				</control>
				<control type="button" id="100">
					<description>Privacy policy</description>
					<height>90</height>
					<width>356</width>
					<textoffsetx>15</textoffsetx>
					<align>right</align>
					<font>font15</font>
					<label>12389</label>
				</control>
			</control>
			<control type="image">
                <description>LOGO</description>
                <left>82</left>
                <top>760</top>
                <width>356</width>
                <height>70</height>
                <aspectratio>keep</aspectratio>
                <texture>logo.png</texture>
                <colordiffuse>$VAR[ColorHighlightVar]</colordiffuse>
            </control>
			<control type="group">
				<left>552</left>
				<top>740</top>
				<control type="label" id="52">
					<visible>False</visible>
					<description>Stubebox Version</description>
					<width>658</width>
					<height>115</height>
					<label>144</label>
					<align>left</align>
					<textcolor>$VAR[ColorHighlightVar]</textcolor>
					<wrapmultiline>true</wrapmultiline>
					<font>font15</font>
				</control>
				<control type="label">
					<description>CPU Text</description>
					<left>510</left>
					<top>20</top>
					<width>360</width>
					<height>24</height>
					<label>$LOCALIZE[13271]</label>
					<align>right</align>
					<font>font12_title</font>
				</control>
				<control type="progress">
					<description>CPU BAR</description>
					<left>880</left>
					<top>20</top>
					<width>380</width>
					<height>24</height>
					<info>System.CPUUsage</info>
				</control>
				<control type="label">
					<description>Memory Text</description>
					<left>510</left>
					<top>70</top>
					<width>360</width>
					<height>24</height>
					<label>$LOCALIZE[31309]</label>
					<align>right</align>
					<font>font12_title</font>
				</control>
				<control type="progress">
					<description>Memory BAR</description>
					<left>880</left>
					<top>70</top>
					<width>380</width>
					<height>24</height>
					<info>system.memory(used)</info>
				</control>
			</control>
			<control type="grouplist" id="9001">
				<left>522</left>
				<top>0</top>
				<width>1316</width>
				<height>720</height>
				<orientation>vertical</orientation>
				<control type="button" id="2">
					<description>Label 2</description>
					<width>1316</width>
					<height>60</height>
					<label />
					<font>font15</font>
				</control>
				<control type="button" id="3">
					<description>Label 3</description>
					<width>1316</width>
					<height>60</height>
					<label />
					<font>font15</font>
				</control>
				<control type="button" id="4">
					<description>Label 4</description>
					<width>1316</width>
					<height>60</height>
					<label />
					<font>font15</font>
				</control>
				<control type="button" id="5">
					<description>Label 5</description>
					<width>1316</width>
					<height>60</height>
					<label />
					<font>font15</font>
				</control>
				<control type="button" id="6">
					<description>Label 6</description>
					<width>1316</width>
					<height>60</height>
					<label />
					<font>font15</font>
				</control>
				<control type="button" id="7">
					<description>Label 7</description>
					<width>1316</width>
					<height>60</height>
					<label />
					<font>font15</font>
				</control>
				<control type="button" id="8">
					<description>Label 8</description>
					<width>1316</width>
					<height>60</height>
					<label />
					<font>font15</font>
				</control>
				<control type="button" id="9">
					<description>Label 9</description>
					<width>1316</width>
					<height>60</height>
					<label />
					<font>font15</font>
				</control>
				<control type="button" id="10">
					<description>Label 10</description>
					<width>1316</width>
					<height>60</height>
					<label />
					<font>font15</font>
				</control>
				<control type="button" id="11">
					<description>Label 11</description>
					<width>1316</width>
					<height>60</height>
					<label />
					<font>font15</font>
				</control>
			</control>
			<control type="textbox" id="30">
				<description>Privacy policy</description>
				<left>522</left>
				<top>0</top>
				<width>1316</width>
				<height>700</height>
				<label />
				<font>font15_textbox</font>
				<pagecontrol>60</pagecontrol>
				<include>AutoscrollDefault</include>
			</control>
		</control>
		<control type="scrollbar" id="60">
			<visible allowhiddenfocus="true">Control.HasFocus(60)</visible>
			<animation effect="fade" time="150" tween="sine" easing="inout" start="0" end="100">Visible</animation>
			<left>1910</left>
			<top>120</top>
			<width>10</width>
			<height>960</height>
			<onleft>100</onleft>
			<onright>100</onright>
			<ondown>60</ondown>
			<onup>60</onup>
		</control>
		<include>Topbar</include>
		<include>SettingsMediaMenu</include>
	</controls>
</window>