<?xml version="1.1" encoding="UTF-8" standalone="yes"?>
<addon id="plugin.video.boxportal"
       name="BOX.PORTAL"
       version="19.0.3a+matrix"
       provider-name="TEAM.STUBE">
  <requires>
    <import addon="xbmc.python" version="3.0.0"/>
	<import addon="script.module.requests" />
  </requires>
  <extension point="xbmc.python.pluginsource"
            library="default.py">
        <provides>video</provides>
  </extension>
  <extension point="xbmc.addon.metadata">
    <summary lang="en">BOX.PORTAL</summary>
    <language>en</language>
    <description lang="en"></description>
     <platform>all</platform>
	 <assets>
			<icon>icon.png</icon>
			<fanart>fanart.jpg</fanart>
		</assets>
  </extension>
</addon>
