<?xml version="1.0" encoding="UTF-8" standalone="yes"?>
<addon id="plugin.audio.soundcloud" name="SoundCloud" version="4.0.1" provider-name="jaylinski">
    <requires>
        <import addon="xbmc.python" version="3.0.0"/>
        <import addon="script.module.requests" version="2.22.0"/>
    </requires>
    <extension point="xbmc.python.pluginsource" library="addon.py">
        <provides>audio</provides>
    </extension>
    <extension point="xbmc.addon.metadata">
        <summary lang="de_DE">SoundCloud – Musik- und Podcast-Streaming-Plattform</summary>
        <summary lang="en_GB">SoundCloud – Music and podcast streaming platform</summary>
        <description lang="de_DE">SoundCloud ist eine Musik- und Podcast-Streaming-Plattform, mit der Du Millionen von Songs aus der ganzen Welt anhören kannst.</description>
		<description lang="en_GB">SoundCloud is a music and podcast streaming platform that lets you listen to millions of songs from around the world.</description>
        <disclaimer lang="en_GB">This plugin is not official, approved or endorsed by SoundCloud.</disclaimer>
        <platform>all</platform>
        <license>MIT</license>
        <forum>https://forum.kodi.tv/showthread.php?tid=206635</forum>
        <website>https://soundcloud.com</website>
        <source>https://github.com/jaylinski/kodi-addon-soundcloud</source>
        <news>4.0.1 (2021-11-02)
Fixed error in "Discover"-folder

4.0.0 (2020-12-12)
Added support for Kodi v19 (Matrix)
        </news>
        <assets>
            <icon>resources/icon.png</icon>
            <fanart>resources/fanart.jpg</fanart>
        </assets>
    </extension>
</addon>
