<?xml version="1.0" encoding="UTF-8"?>
<!-- Foundation -->
<window type="window" id="1104">
    <defaultcontrol always="true">9500</defaultcontrol>
    <onunload>ClearProperty(content)</onunload>
    <controls>
        <include>GlobalBackground</include>
        <include>Furniture_Header</include>
        <include>Furniture_NowPlaying</include>
        <include>Furniture_Weather</include>
        <include>Furniture_Clock</include>
        <control type="group">
            <posy>40</posy>
            <include>Animation.Common</include>
            <control type="grouplist" id="9510">
                <top>156</top>
                <height>100</height>
                <ondown>9500</ondown>
                <orientation>horizontal</orientation>
                <align>center</align>
                <left>SidePad</left>
                <right>SidePad</right>
                <control type="button" id="9514">
                    <font>Medium</font>
                    <height>100</height>
                    <width>250</width>
                    <textcolor>Dark3</textcolor>
                    <focusedcolor>Dark1</focusedcolor>
                    <label>31208</label>
                    <onclick>SetProperty(content,4)</onclick>
                    <onclick>SetFocus(9500,0)</onclick>
                    <texturefocus />
                </control>
                <control type="button" id="9511">
                    <font>Medium</font>
                    <height>100</height>
                    <width>250</width>
                    <textcolor>Dark3</textcolor>
                    <focusedcolor>Dark1</focusedcolor>
                    <label>31209</label>
                    <onclick>SetProperty(content,3)</onclick>
                    <onclick>SetFocus(9500,0)</onclick>
                    <texturefocus />
                </control>
                <control type="button" id="9512">
                    <font>Medium</font>
                    <height>100</height>
                    <width>250</width>
                    <textcolor>Dark3</textcolor>
                    <focusedcolor>Dark1</focusedcolor>
                    <label>31210</label>
                    <onclick>SetProperty(content,2)</onclick>
                    <onclick>SetFocus(9500,0)</onclick>
                    <texturefocus />
                </control>
                <control type="button" id="9513">
                    <font>Medium</font>
                    <height>100</height>
                    <width>250</width>
                    <textcolor>Dark3</textcolor>
                    <focusedcolor>Dark1</focusedcolor>
                    <label>31211</label>
                    <onclick>SetProperty(content,1)</onclick>
                    <onclick>SetFocus(9500,0)</onclick>
                    <texturefocus />
                </control>
            </control>
            <control type="group">
                <centerleft>50%</centerleft>
                <centertop>39%</centertop>
                <width>450</width>
                <height>117</height>
                <visible>Container(9500).IsUpdating</visible>
                <include>Animation.FadeIn</include>
                <include>Animation.FadeOut</include>
                <control type="image">
                    <description>Busy animation</description>
                    <centerleft>54</centerleft>
                    <centertop>54</centertop>
                    <width>100</width>
                    <height>100</height>
                    <texture>dialog/loading-back.png</texture>
                    <aspectratio>keep</aspectratio>
                </control>
                <control type="image">
                    <description>Busy animation</description>
                    <centerleft>54</centerleft>
                    <centertop>54</centertop>
                    <width>100</width>
                    <height>100</height>
                    <animation effect="rotate" condition="true" start="360" end="0" loop="true" time="1000" center="auto">Conditional</animation>
                    <texture colordiffuse="$VAR[ColorHighlight]">dialog/loading-spinner.png</texture>
                    <aspectratio>keep</aspectratio>
                </control>
                <control type="label">
                    <description>Busy label</description>
                    <posx>105</posx>
                    <posy>30</posy>
                    <width>720</width>
                    <height>48</height>
                    <align>left</align>
                    <label>$LOCALIZE[31138]...</label>
                    <textcolor>Dark1</textcolor>
                </control>
            </control>
            <control type="list" id="9500">
                <visible allowhiddenfocus="true">!Container(9500).IsUpdating</visible>
                <include>Animation.FadeIn</include>
                <include>Animation.FadeOut</include>
                <top>260</top>
                <right>72</right>
                <left>72</left>
                <height>674</height>
                <onup>9510</onup>
                <preloaditems>2</preloaditems>
                <orientation>horizontal</orientation>
                <pagecontrol>60</pagecontrol>
                <viewtype label="536">list</viewtype>
                <include>ScrolltimeViewsList</include>
                <itemlayout height="337" width="222">
                    <control type="group">
                        <height>337</height>
                        <include content="include.widget.poster">
                            <param name="id" value="9500"/>
                            <param name="indicatorbackground" value="true"/>
                            <param name="reflections" value="Skin.HasSetting(show.reflections)"/>
                        </include>
                    </control>
                </itemlayout>
                <focusedlayout height="337" width="222">
                    <control type="group">
                        <height>337</height>
                        <include content="include.widget.poster.focus">
                            <param name="id" value="9500"/>
                            <param name="indicatorbackground" value="true"/>
                            <param name="reflections" value="Skin.HasSetting(show.reflections)"/>
                        </include>
                    </control>
                </focusedlayout>
                <content>$VAR[DefMovieDBMoviesContent]</content>
            </control>
            <control type="grouplist">
                <visible>!Container(9500).IsUpdating</visible>
                <include>Animation.FadeIn</include>
                <include>Animation.FadeOut</include>
                <left>160</left>
                <right>160</right>
                <orientation>vertical</orientation>
                <top>600</top>
                <itemgap>-10</itemgap>
                <control type="label">
                    <font>MediumBold</font>
                    <width>100%</width>
                    <align>center</align>
                    <textcolor>Dark1</textcolor>
                    <label>$INFO[Container(9500).ListItem.Label]</label>
                </control>
                <control type="label">
                    <font>Tiny</font>
                    <width>100%</width>
                    <align>center</align>
                    <textcolor>Dark2</textcolor>
                    <label>$INFO[Container(9500).ListItem.RatingAndVotes]</label>
                </control>
                <control type="textbox">
                    <font>Tiny</font>
                    <width>100%</width>
                    <align>center</align>
                    <textcolor>Dark2</textcolor>
                    <height>108</height>
                    <label>$INFO[Container(9500).ListItem.Plot]</label>
                </control>
            </control>
        </control>
    </controls>
</window>
