<?xml version="1.0" encoding="UTF-8"?>
<!-- Foundation -->
<window type="dialog" id="1189">
    <zorder>1</zorder>
    <visible>!Window.IsVisible(SettingsScreenCalibration.xml) + [[!Window.IsVisible(home) | [Window.IsVisible(home) + Skin.HasSetting(home.vertical)]] |  Skin.HasSetting(rss.home)] + !Window.IsVisible(screensaver) + !Window.IsVisible(startup) + !Window.IsVisible(fullscreenvideo) + !Window.IsVisible(visualisation) + !Window.IsVisible(SlideShow.xml)</visible>
    <controls>
        <control type="rss">
            <include>Animation.FadeOut</include>
            <include>Animation.FadeIn</include>
            <visible>!Skin.HasSetting(rss.top)</visible>
            <left>0</left>
            <bottom>0</bottom>
            <height>32</height>
            <right>0</right>
            <font>Mini</font>
            <textcolor>Dark2</textcolor>
            <headlinecolor>Dark2</headlinecolor>
            <titlecolor>Dark1</titlecolor>
        </control>
        <control type="rss">
            <include>Animation.FadeOut</include>
            <include>Animation.FadeIn</include>
            <visible>Skin.HasSetting(rss.top)</visible>
            <left>0</left>
            <top>0</top>
            <height>32</height>
            <right>0</right>
            <font>Mini</font>
            <textcolor>Dark2</textcolor>
            <headlinecolor>Dark2</headlinecolor>
            <titlecolor>Dark1</titlecolor>
        </control>
    </controls>
</window>
