<?xml version="1.0" encoding="UTF-8"?>
<window type="dialog" id="1248">
    <defaultcontrol always="true">11</defaultcontrol>
    <onunload>ClearProperty(includesetting,home)</onunload>
    <controls>
        <include>GlobalOverlay</include>
        <include>Animation.Common</include>
        <control type="group">
            <include>Animation.FadeIn</include>
            <include>Animation.FadeOut</include>
            <include>DefDialogBackground</include>
            <control type="group">
                <left>24</left>
                <top>26</top>
                <control type="label">
                    <description>Header Label</description>
                    <left>70</left>
                    <width>1000</width>
                    <posy>0</posy>
                    <include>FontTop</include>
                    <textcolor>Dark2</textcolor>
                    <label>$INFO[Container(11).ListItemAbsolute(0).Property(SettingsName)]</label>
                </control>
                <include>Kodi_Logo</include>

                <!-- Lines -->
                <control type="image">
                    <top>70</top>
                    <left>17</left>
                    <right>40</right>
                    <height>1</height>
                    <bottom>10</bottom>
                    <colordiffuse>Black12</colordiffuse>
                    <texture>common/white.png</texture>
                </control>
            </control>
            <include content="Def_Gradient_Settings_Image">
                <param name="controlid" value="11"/>
                <param name="left" value="8"/>
                <param name="top" value="120"/>
                <param name="width" value="697"/>
                <param name="height" value="66"/>
                <param name="slide" value="66"/>
            </include>
            <control type="list" id="11">
                <include>Animation.FadeIn.Delay</include>
                <include>Animation.FadeOut</include>
                <top>117</top>
                <bottom>16</bottom>
                <left>8</left>
                <right>8</right>
                <onright>5</onright>
                <height>726</height>
                <orientation>vertical</orientation>
                <scrolltime>200</scrolltime>
                <itemlayout width="697" height="66">
                    <control type="label">
                        <aligny>center</aligny>
                        <height>100%</height>
                        <textcolor>Dark2</textcolor>
                        <font>Small</font>
                        <left>30</left>
                        <label>$INFO[ListItem.Label]</label>
                    </control>
                    <control type="image">
                        <left>646</left>
                        <top>23</top>
                        <width>24</width>
                        <height>24</height>
                        <texture colordiffuse="Dark1">osd/minicheck_big.png</texture>
                        <visible>!String.IsEmpty(ListItem.Property(ItemSelected))</visible>
                    </control>
                </itemlayout>
                <focusedlayout width="697" height="66">
                    <control type="group">
                        <visible>Control.HasFocus(11)</visible>
                        <control type="image">
                            <width>100%</width>
                            <height>100%</height>
                            <texture colordiffuse="$VAR[ColorSelectOtherBar]">common/white.png</texture>
                        </control>
                        <control type="image">
                            <width>100%</width>
                            <height>100%</height>
                            <texture border="8" colordiffuse="$VAR[ColorHighlightOtherBar]">common/gradient-box-wide.png</texture>
                        </control>
                    </control>
                    <control type="label">
                        <aligny>center</aligny>
                        <height>100%</height>
                        <textcolor>Selected</textcolor>
                        <font>Small</font>
                        <left>30</left>
                        <label>$INFO[ListItem.Label]</label>
                    </control>
                    <control type="image">
                        <left>646</left>
                        <top>23</top>
                        <width>24</width>
                        <height>24</height>
                        <texture colordiffuse="Dark1">osd/minicheck_big.png</texture>
                        <visible>!String.IsEmpty(ListItem.Property(ItemSelected))</visible>
                    </control>
                </focusedlayout>
                <content>
                    <include condition="String.IsEqual(Window(Home).Property(includesetting),BackgroundBrightness)">CustomSettings_Items.BackgroundBrightness</include>
                    <include condition="String.IsEqual(Window(Home).Property(includesetting),BackgroundBrightnessBlur)">CustomSettings_Items.BackgroundBrightnessBlur</include>
                    <include condition="String.IsEqual(Window(Home).Property(includesetting),FadeNetflixPreview)">CustomSettings_Items.FadeNetflixPreview</include>
                    <include condition="String.IsEqual(Window(Home).Property(includesetting),DefWidgetLimit)">CustomSettings_Items.DefWidgetLimit</include>
                    <include condition="String.IsEqual(Window(Home).Property(includesetting),DefHubLimit)">CustomSettings_Items.DefHubLimit</include>
                    <include condition="String.IsEqual(Window(Home).Property(includesetting),TrailerCount)">CustomSettings_Items.TrailerCount</include>
                    <include condition="String.IsEqual(Window(Home).Property(includesetting),OSD_Timeout)">CustomSettings_Items.OSD_Timeout</include>
                    <include condition="String.IsEqual(Window(Home).Property(includesetting),BlurRadiusLitebox)">CustomSettings_Items.BlurRadiusLitebox</include>
                    <include condition="String.IsEqual(Window(Home).Property(includesetting),ImageQualityLitebox)">CustomSettings_Items.ImageQualityLitebox</include>
                    <include condition="String.IsEqual(Window(Home).Property(includesetting),ImageQualityOtherLitebox)">CustomSettings_Items.ImageQualityOtherLitebox</include>
                    <include condition="String.IsEqual(Window(Home).Property(includesetting),PixelsizeLitebox)">CustomSettings_Items.PixelsizeLitebox</include>
                </content>
            </control>
            <control type="image">
                <posx>705</posx>
                <top>120</top>
                <height>660</height>
                <width>1</width>
                <texture colordiffuse="Black12">common/white.png</texture>
                <visible>!Control.IsVisible(21)</visible>
                <animation effect="fade" start="0" end="100" time="100" condition="!Control.HasFocus(1723) + !Container.Scrolling">Conditional</animation>
            </control>
            <control type="button" id="5">
                <description>Manual</description>
                <posx>738</posx>
                <posy>117</posy>
                <width>300</width>
                <height>66</height>
                <align>center</align>
                <label>15067</label>
                <onleft>11</onleft>
                <font>Button</font>
                <textcolor>Black70</textcolor>
                <texturefocus colordiffuse="$VAR[ColorHighlight]" border="5">common/box.png</texturefocus>
                <onclick>Close</onclick>
            </control>
            <include>DialogSelectlabelInclude</include>
        </control>
    </controls>
</window>