<?xml version="1.0" encoding="UTF-8"?>
<window>
    <defaultcontrol always="true">10</defaultcontrol>
    <controls>
        <control type="group">
            <centerleft>50%</centerleft>
            <width>1800</width>
            <posy>83</posy>
            <height>915</height>
            <include>Animation.FadeIn.Slide</include>
            <control type="image">
                <posx>-30</posx>
                <posy>-30</posy>
                <width>1860</width>
                <height>975</height>
                <texture border="16" colordiffuse="White100">common/rounded-shadow8.png</texture>
            </control>
            <control type="group">
                <left>0</left>
                <top>0</top>
                <control type="label">
                    <description>Header Label</description>
                    <left>70</left>
                    <width>1000</width>
                    <posy>0</posy>
                    <include>FontTop</include>
                    <textcolor>Dark2</textcolor>
                    <label>35058</label>
                </control>
                <include>Kodi_Logo</include>
                <!-- Lines -->
                <control type="image">
                    <top>70</top>
                    <left>10</left>
                    <width>1780</width>
                    <height>1</height>
                    <bottom>10</bottom>
                    <colordiffuse>Black12</colordiffuse>
                    <texture>common/white.png</texture>
                </control>
            </control>
            <control type="image">
                <left>390</left>
                <top>92</top>
                <height>717</height>
                <width>1</width>
                <texture colordiffuse="Black12">common/white.png</texture>
            </control>
            <control type="image">
                <right>390</right>
                <top>92</top>
                <height>717</height>
                <width>1</width>
                <texture colordiffuse="Black12">common/white.png</texture>
            </control>
            <control type="label">
                <left>10</left>
                <width>380</width>
                <top>85</top>
                <height>35</height>
                <align>center</align>
                <font>Small</font>
                <textcolor>Dark2</textcolor>
                <label>35050</label>
                <aligny>center</aligny>
            </control>
            <control type="grouplist" id="3">
                <left>10</left>
                <width>380</width>
                <top>143</top>
                <height>668</height>
                <onright>5</onright>
                <onleft>8000</onleft>
                <ondown>8000</ondown>
                <itemgap>20</itemgap>
            </control>
            <control type="gamecontroller" id="31">
                <centerleft>50%</centerleft>
                <top>84</top>
                <width>650</width>
                <height>650</height>
            </control>
            <control type="textbox" id="32">
                <centerleft>50%</centerleft>
                <bottom>140</bottom>
                <width>870</width>
                <height>117</height>
                <font>Tiny</font>
                <align>center</align>
                <textcolor>Dark2</textcolor>
                <selectedcolor>Dark2</selectedcolor>
            </control>
            <control type="grouplist" id="5">
                <width>380</width>
                <right>10</right>
                <top>88</top>
                <height>768</height>
                <onleft>3</onleft>
                <onright>8000</onright>
                <ondown>8000</ondown>
                <itemgap>20</itemgap>
            </control>
            <control type="grouplist" id="8000">
                <left>0</left>
                <right>0</right>
                <align>center</align>
                <height>66</height>
                <bottom>20</bottom>
                <itemgap>20</itemgap>
                <orientation>horizontal</orientation>
                <onup>5</onup>
                <onleft>3</onleft>
                <onright>5</onright>
                <control type="button" id="18">
                    <description>OK</description>
                    <align>center</align>
                    <width>300</width>
                    <texturefocus colordiffuse="$VAR[ColorHighlight]" border="5">common/box.png</texturefocus>
                    <texturenofocus colordiffuse="Black12" border="5">common/box.png</texturenofocus>
                    <include>DefDialogButtons</include>
                    <label>$LOCALIZE[186]</label>
                </control>
                <control type="button" id="19">
                    <description>Reset</description>
                    <align>center</align>
                    <width>300</width>
                    <texturefocus colordiffuse="$VAR[ColorHighlight]" border="5">common/box.png</texturefocus>
                    <texturenofocus colordiffuse="Black12" border="5">common/box.png</texturenofocus>
                    <include>DefDialogButtons</include>
                    <label>$LOCALIZE[13007]</label>
                </control>
                <control type="button" id="20">
                    <description>Install More Controllers</description>
                    <align>center</align>
                    <width>300</width>
                    <texturefocus colordiffuse="$VAR[ColorHighlight]" border="5">common/box.png</texturefocus>
                    <texturenofocus colordiffuse="Black12" border="5">common/box.png</texturenofocus>
                    <include>DefDialogButtons</include>
                    <label>$LOCALIZE[21452]</label>
                </control>
                <control type="button" id="22">
                    <description>Install All</description>
                    <align>center</align>
                    <width>300</width>
                    <texturefocus colordiffuse="$VAR[ColorHighlight]" border="5">common/box.png</texturefocus>
                    <texturenofocus colordiffuse="Black12" border="5">common/box.png</texturenofocus>
                    <include>DefDialogButtons</include>
                    <label>$LOCALIZE[35021]</label>
                </control>
                <control type="button" id="21">
                    <description>Fix Skipping</description>
                    <align>center</align>
                    <width>300</width>
                    <texturefocus colordiffuse="$VAR[ColorHighlight]" border="5">common/box.png</texturefocus>
                    <texturenofocus colordiffuse="Black12" border="5">common/box.png</texturenofocus>
                    <include>DefDialogButtons</include>
                    <label>$LOCALIZE[35019]</label>
                </control>
                <control type="button" id="17">
                    <description>Help</description>
                    <align>center</align>
                    <width>300</width>
                    <texturefocus colordiffuse="$VAR[ColorHighlight]" border="5">common/box.png</texturefocus>
                    <texturenofocus colordiffuse="Black12" border="5">common/box.png</texturenofocus>
                    <include>DefDialogButtons</include>
                    <label>$LOCALIZE[10043]</label>
                </control>
            </control>
        </control>
        <control type="label" id="8">
            <description>Default Controller Types Label</description>
            <width>380</width>
            <height>35</height>
            <align>center</align>
            <font>Small</font>
            <textcolor>Dark2</textcolor>
            <aligny>center</aligny>
        </control>
        <control type="button" id="7">
            <align>center</align>
            <width>380</width>
            <texturefocus colordiffuse="$VAR[ColorHighlight]" border="5">common/box.png</texturefocus>
            <texturenofocus colordiffuse="Black12" border="5">common/box.png</texturenofocus>
            <include>DefDialogButtons</include>
        </control>
        <control type="button" id="10">
            <align>center</align>
            <width>380</width>
            <texturefocus colordiffuse="$VAR[ColorHighlight]" border="5">common/box.png</texturefocus>
            <texturenofocus colordiffuse="Black12" border="5">common/box.png</texturenofocus>
            <include>DefDialogButtons</include>
        </control>
    </controls>
</window>
