<?xml version="1.0" encoding="UTF-8"?>
<includes>

    <include name="DialogAddonInfoWIP">
        <control type="group">
            <animation type="Conditional" reversible="true" condition="Window.IsVisible(FileBrowser.xml) | Window.IsVisible(DialogConfirm.xml) | Window.IsVisible(DialogSelect.xml) | Window.IsVisible(DialogContextMenu.xml) | Window.IsVisible(DialogButtonMenu.xml)">
                <effect type="zoom" end="95" start="100" time="200" center="auto" tween="quadratic" easing="in"/>
            </animation>

            <!-- Poster-->
            <control type="group">
                <animation effect="slide" start="-1920" end="0" delay="0" time="300" tween="quadratic" easing="out">WindowOpen</animation>
                <animation effect="slide" start="0" end="-1920" time="300" tween="quadratic" easing="in">WindowClose</animation>
                <animation effect="slide" start="-1920" end="0" delay="0" time="300" tween="quadratic" easing="out">Visible</animation>
                <animation effect="slide" start="0" end="-1920" time="300" tween="quadratic" easing="in">Hidden</animation>
                <include>View_50_SidePoster_Square</include>
                <include>Animation.VideoFadeOut</include>
            </control>

            <!-- Main -->
            <control type="group">
                <animation effect="slide" start="1920" end="0" delay="0" time="300" tween="quadratic" easing="out">WindowOpen</animation>
                <animation effect="slide" start="0" end="1920" time="300" tween="quadratic" easing="in">WindowClose</animation>
                <animation effect="slide" start="1920" end="0" delay="0" time="300" tween="quadratic" easing="out">Visible</animation>
                <animation effect="slide" start="0" end="1920" time="300" tween="quadratic" easing="in">Hidden</animation>

                <!-- Control Buttons -->
                <control type="group">
                    <bottom>-80</bottom>
                    <include>Animation.VideoFadeOut</include>
                    <include>DialogAddonInfoNavigationWIP</include>
                </control>

                <!-- Info -->
                <control type="group">
                    <include>Animation.VideoFadeOut</include>
                    <top>90</top>
                    <left>ListSquareX</left>
                    <width>1070</width>
                    <control type="label">
                        <left>30</left>
                        <font>LargeNew</font>
                        <description>Header Label</description>
                        <textcolor>Dark1</textcolor>
                        <label>$INFO[ListItem.AddonName]</label>
                    </control>
                    <control type="label">
                        <left>30</left>
                        <top>55</top>
                        <height>36</height>
                        <font>Tiny</font>
                        <textcolor>Dark1</textcolor>
                        <label fallback="19055">$INFO[ListItem.AddonSummary]</label>
                        <aligny>center</aligny>
                    </control>
                </control>
                <control type="group">
                    <left>ListSquareX</left>
                    <right>SidePad</right>
                    <bottom>224</bottom>
                    <top>DialogInfoTop</top>
                    <control type="grouplist">
                        <include>Animation.VideoFadeOut</include>
                        <left>30</left>
                        <itemgap>0</itemgap>
                        <control type="group">
                            <height>36</height>
                            <control type="label">
                                <width>230</width>
                                <height>36</height>
                                <font>Tiny</font>
                                <textcolor>Dark1</textcolor>
                                <label>[B]$LOCALIZE[467][/B]</label>
                                <aligny>center</aligny>
                            </control>
                            <control type="label">
                                <left>250</left>
                                <width>100%</width>
                                <height>36</height>
                                <font>Tiny</font>
                                <textcolor>Dark2</textcolor>
                                <label fallback="19055">$INFO[ListItem.AddonType]</label>
                                <aligny>center</aligny>
                            </control>
                        </control>
                        <control type="group">
                            <height>36</height>
                            <control type="label">
                                <width>230</width>
                                <height>36</height>
                                <font>Tiny</font>
                                <textcolor>Dark1</textcolor>
                                <label>[B]$LOCALIZE[19114][/B]</label>
                                <aligny>center</aligny>
                            </control>
                            <control type="label">
                                <left>250</left>
                                <width>100%</width>
                                <height>36</height>
                                <font>Tiny</font>
                                <textcolor>Dark2</textcolor>
                                <label fallback="19055">$INFO[ListItem.AddonVersion]</label>
                                <aligny>center</aligny>
                            </control>
                        </control>
                        <control type="group">
                            <height>36</height>
                            <control type="label">
                                <width>230</width>
                                <height>36</height>
                                <font>Tiny</font>
                                <textcolor>Dark1</textcolor>
                                <label>[B]$LOCALIZE[21863][/B]</label>
                                <aligny>center</aligny>
                            </control>
                            <control type="label">
                                <left>250</left>
                                <width>100%</width>
                                <height>36</height>
                                <font>Tiny</font>
                                <textcolor>Dark2</textcolor>
                                <label fallback="19055">$INFO[ListItem.AddonCreator]</label>
                                <aligny>center</aligny>
                            </control>
                        </control>
                        <control type="group">
                            <height>36</height>
                            <control type="label">
                                <width>230</width>
                                <height>36</height>
                                <font>Tiny</font>
                                <textcolor>Dark1</textcolor>
                                <label>[B]$LOCALIZE[560][/B]</label>
                                <aligny>center</aligny>
                            </control>
                            <control type="label">
                                <left>250</left>
                                <width>100%</width>
                                <height>36</height>
                                <font>Tiny</font>
                                <textcolor>Dark2</textcolor>
                                <label fallback="19055">$INFO[ListItem.Property(Addon.ID)]</label>
                                <aligny>center</aligny>
                            </control>
                        </control>
                        <control type="group">
                            <visible>!String.IsEmpty(ListItem.AddonLastUpdated)</visible>
                            <height>36</height>
                            <control type="label">
                                <width>230</width>
                                <height>36</height>
                                <font>Tiny</font>
                                <textcolor>Dark1</textcolor>
                                <label>[B]$LOCALIZE[12014][/B]</label>
                                <aligny>center</aligny>
                            </control>
                            <control type="label">
                                <left>250</left>
                                <width>100%</width>
                                <height>36</height>
                                <font>Tiny</font>
                                <textcolor>Dark2</textcolor>
                                <label fallback="19055">$VAR[Label_AddonLastUpdate]</label>
                                <aligny>center</aligny>
                            </control>
                        </control>
                        <control type="group">
                            <visible>String.IsEmpty(ListItem.AddonLastUpdated)</visible>
                            <height>36</height>
                            <control type="label">
                                <width>230</width>
                                <height>36</height>
                                <font>Tiny</font>
                                <textcolor>Dark1</textcolor>
                                <label>[B]$LOCALIZE[31485][/B]</label>
                                <aligny>center</aligny>
                            </control>
                            <control type="label">
                                <left>250</left>
                                <width>100%</width>
                                <height>36</height>
                                <font>Tiny</font>
                                <textcolor>Dark2</textcolor>
                                <label fallback="19055">$INFO[ListItem.AddonOrigin]</label>
                                <aligny>center</aligny>
                            </control>
                        </control>
                        <control type="group">
                            <height>35</height>
                        </control>
                        <control type="textbox">
                            <height>108</height>
                            <font>Tiny</font>
                            <textcolor>Dark2</textcolor>
                            <align>justify</align>
                            <label>$INFO[ListItem.AddonDescription]$INFO[ListItem.AddonNews,[CR][CR][B]$LOCALIZE[24036][/B][CR]]</label>
                            <visible>!String.IsEqual(Container(50).NumItems,0)</visible>
                        </control>
                        <control type="textbox">
                            <height>396</height>
                            <font>Tiny</font>
                            <textcolor>Dark2</textcolor>
                            <align>justify</align>
                            <label>$INFO[ListItem.AddonDescription]$INFO[ListItem.AddonNews,[CR][CR][B]$LOCALIZE[24036][/B][CR]]</label>
                            <visible>String.IsEqual(Container(50).NumItems,0)</visible>
                        </control>
                    </control>
                    <control type="group">
                        <top>865</top>
                        <left>33</left>
                        <include content="AddonImageList">
                            <param name="arrowleft" value="-12"/>
                            <param name="arrowtop" value="342"/>
                            <param name="arrowright" value="87"/>
                            <param name="visi" value="true"/>
                            <param name="animation" value="Animation.addoninfo"/>
                            <param name="fallbackpicture" value="DefaultAddonImages.png"/>
                            <param name="controlid" value="50"/>
                            <param name="focusposition" value="1"/>
                            <param name="listbottom" value="30"/>
                            <param name="listleft" value="-800"/>
                            <param name="height" value="349"/>
                            <param name="width" value="370"/>
                            <param name="headerbottom" value="710"/>
                            <param name="headerleft" value="-10"/>
                            <param name="zoom" value="130"/>
                            <param name="labelbottom" value="-90"/>
                            <param name="labelleft" value="-20"/>
                            <param name="labeltwovisible" value="false"/>
                            <param name="labeltwobottom" value="-90"/>
                            <param name="labeltwoleft" value="-30"/>
                        </include>
                    </control>
                </control>
                <control type="label">
                    <right>83</right>
                    <bottom>100</bottom>
                    <height>50</height>
                    <font>Mini</font>
                    <scroll>false</scroll>
                    <textcolor>Dark3</textcolor>
                    <label>$VAR[DialogInfoLabel]</label>
                    <aligny>center</aligny>
                    <align>right</align>
                    <visible>ControlGroup(9000).HasFocus()</visible>
                    <include>Animation.FadeIn</include>
                    <include>Animation.FadeOut</include>
                </control>
            </control>
        </control>
    </include>
</includes>
