<?xml version="1.0" encoding="UTF-8"?>
<!-- Foundation -->
<window>
    <defaultcontrol always="true">50</defaultcontrol>
    <views>50</views>
    <controls>
        <include>GlobalBackground</include>
        <include>Furniture_Header</include>
        <include>Furniture_Clock</include>
        <include>Furniture_NowPlaying</include>
        <include>Furniture_Weather</include>
        <control type="label" id="12">
            <visible>false</visible>
        </control>
        <control type="label" id="101">
            <visible>false</visible>
        </control>
        <control type="group">
            <include>Animation.Common</include>
            <control type="group">
                <description>Left panel</description>
                <left>SidePad</left>
                <top>PosterPad</top>
                <height>598</height>
                <width>865</width>
                <control type="image">
                    <width>100%</width>
                    <height>100%</height>
                    <texture border="5" colordiffuse="Panel">common/box.png</texture>
                </control>
                <control type="label">
                    <description>Header Label</description>
                    <top>15</top>
                    <left>30</left>
                    <right>30</right>
                    <align>left</align>
                    <include>FontTop</include>
                    <textcolor>Dark2</textcolor>
                    <label>$LOCALIZE[2]$INFO[Control.GetLabel(12), - ,]</label>
                </control>
                <control type="image">
                    <top>85</top>
                    <left>30</left>
                    <right>30</right>
                    <height>1</height>
                    <bottom>10</bottom>
                    <colordiffuse>Black12</colordiffuse>
                    <texture>common/white.png</texture>
                </control>
                <include content="scrollbar_filemanager">
                    <param name="scrollid" value="1824"/>
                    <param name="onleft" value="50"/>
                    <param name="onright" value="100"/>
                </include>
                <include content="scrollbar_filemanager">
                    <param name="scrollid" value="1825"/>
                    <param name="onleft" value="100"/>
                    <param name="onright" value="9000"/>
                    <param name="left" value="1770"/>
                </include>
                <control type="list" id="50">
                    <description>Left File List</description>
                    <left>0</left>
                    <top>105</top>
                    <right>0</right>
                    <height>483</height>
                    <onleft>9000</onleft>
                    <onup>50</onup>
                    <ondown>50</ondown>
                    <onright>1824</onright>
                    <pagecontrol>1824</pagecontrol>
                    <itemlayout height="69" width="865">
                        <control type="label">
                            <posx>30</posx>
                            <width>715</width>
                            <align>left</align>
                            <textcolor>PanelWhite70</textcolor>
                            <info>ListItem.Label</info>
                        </control>
                        <control type="label">
                            <right>30</right>
                            <width>150</width>
                            <align>right</align>
                            <font>Tiny</font>
                            <textcolor>PanelWhite70</textcolor>
                            <info>ListItem.Label2</info>
                        </control>
                    </itemlayout>
                    <focusedlayout height="69" width="865">
                        <control type="image">
                            <width>100%</width>
                            <height>66</height>
                            <texture border="5" colordiffuse="$VAR[ColorSelectOtherBar]">common/white.png</texture>
                            <animation effect="fade" start="100" end="33" condition="!Control.HasFocus(50) + !Control.HasFocus(1824)">Conditional</animation>
                        </control>
                        <control type="image">
                            <width>100%</width>
                            <height>66</height>
                            <texture border="8" colordiffuse="$VAR[ColorHighlightOtherBar]">common/gradient-box-wide-cut.png</texture>
                            <animation effect="fade" start="100" end="33" condition="!Control.HasFocus(50) + !Control.HasFocus(1824)">Conditional</animation>
                        </control>
                        <control type="label">
                            <posx>30</posx>
                            <width>720</width>
                            <align>left</align>
                            <textcolor>Selected</textcolor>
                            <info>ListItem.Label</info>
                        </control>
                        <control type="label">
                            <right>30</right>
                            <width>720</width>
                            <align>right</align>
                            <textcolor>Selected</textcolor>
                            <font>Tiny</font>
                            <info>ListItem.Label2</info>
                        </control>
                    </focusedlayout>
                </control>
            </control>
            <control type="group">
                <description>Right panel</description>
                <right>SidePad</right>
                <top>PosterPad</top>
                <height>598</height>
                <width>870</width>
                <control type="image">
                    <width>100%</width>
                    <height>100%</height>
                    <texture border="5" colordiffuse="Panel">common/box.png</texture>
                </control>
                <control type="label" id="102">
                    <description>Header Label</description>
                    <top>15</top>
                    <left>30</left>
                    <right>30</right>
                    <align>left</align>
                    <include>FontTop</include>
                    <textcolor>Dark2</textcolor>
                    <label>$LOCALIZE[559]$INFO[Control.GetLabel(101), - ,]</label>
                </control>                
                <control type="image">
                    <top>85</top>
                    <left>30</left>
                    <right>30</right>
                    <height>1</height>
                    <bottom>10</bottom>
                    <colordiffuse>Black12</colordiffuse>
                    <texture>common/white.png</texture>
                </control>
                <control type="list" id="100">
                    <description>Left File List</description>
                    <left>0</left>
                    <top>105</top>
                    <right>0</right>
                    <height>483</height>
                    <onleft>50</onleft>
                    <onright>1825</onright>
                    <onup>100</onup>
                    <ondown>100</ondown>
                    <pagecontrol>1825</pagecontrol>
                    <itemlayout height="69" width="870">
                        <control type="label">
                            <posx>30</posx>
                            <width>720</width>
                            <align>left</align>
                            <textcolor>PanelWhite70</textcolor>
                            <info>ListItem.Label</info>
                        </control>
                        <control type="label">
                            <right>30</right>
                            <width>150</width>
                            <align>right</align>
                            <font>Tiny</font>
                            <textcolor>PanelWhite70</textcolor>
                            <info>ListItem.Label2</info>
                        </control>
                    </itemlayout>
                    <focusedlayout height="69" width="870">
                        <control type="image">
                            <width>100%</width>
                            <height>66</height>
                            <texture border="5" colordiffuse="$VAR[ColorSelectOtherBar]">common/white.png</texture>
                            <animation effect="fade" start="100" end="33" condition="!Control.HasFocus(100) + !Control.HasFocus(1825)">Conditional</animation>
                        </control>
                        <control type="image">
                            <width>100%</width>
                            <height>66</height>
                            <texture border="8" colordiffuse="$VAR[ColorHighlightOtherBar]">common/gradient-box-wide-cut.png</texture>
                            <animation effect="fade" start="100" end="33" condition="!Control.HasFocus(100) + !Control.HasFocus(1825)">Conditional</animation>
                        </control>
                        <control type="label">
                            <posx>30</posx>
                            <width>720</width>
                            <align>left</align>
                            <textcolor>Selected</textcolor>
                            <info>ListItem.Label</info>
                        </control>
                        <control type="label">
                            <right>30</right>
                            <width>720</width>
                            <align>right</align>
                            <textcolor>Selected</textcolor>
                            <font>Tiny</font>
                            <info>ListItem.Label2</info>
                        </control>
                    </focusedlayout>
                </control>
            </control>
        </control>
        <control type="group">
            <include>Animation.FadeIn</include>
            <include>Animation.FadeOut</include>
            <visible>ControlGroup(9000).HasFocus()</visible>
            <include>GlobalOverlay</include>
        </control>
        
        
        <control type="group">
            <height>340</height>
            <include>Def9000Background</include>
            <control type="group">
                <control type="image">
                    <description>arrow image</description>
                    <centerleft>50%</centerleft>
                    <posy>-16</posy>
                    <width>16</width>
                    <height>16</height>
                    <texture colordiffuse="White70" flipy="true">common/arrow-small.png</texture>
                </control>
                <control type="image">
                    <description>arrow image</description>
                    <centerleft>50%</centerleft>
                    <posy>340</posy>
                    <width>16</width>
                    <height>16</height>
                    <texture colordiffuse="White70" flipy="false">common/arrow-small.png</texture>
                </control>
            </control>
            <control type="group">
                <left>22</left>
                <top>22</top>
                <control type="label">
                    <description>Header Label</description>
                    <left>70</left>
                    <width>1000</width>
                    <posy>0</posy>
                    <include>FontTop</include>
                    <textcolor>Dark2</textcolor>
                    <label>33063</label>
                </control>
                <include>Kodi_Logo</include>

                <!-- Lines -->
                <control type="image">
                    <top>70</top>
                    <left>17</left>
                    <width>385</width>
                    <height>1</height>
                    <bottom>10</bottom>
                    <colordiffuse>Black12</colordiffuse>
                    <texture>common/white.png</texture>
                </control>
            </control>
            <include content="Def_Gradient_Settings_Image">
                <param name="controlid" value="9000"/>
                <param name="left" value="8"/>
                <param name="top" value="110"/>
                <param name="width" value="450"/>
            </include>
            <control type="grouplist" id="9000">
                <include>Def9000GroupList</include>
                <top>110</top>
                <control type="button" id="6">
                    <align>left</align>
                    <label>21478</label>
                    <description>Open</description>
                    <include>DefContextButtonGradient</include>
                </control>
                <control type="button" id="7">
                    <align>left</align>
                    <label>190</label>
                    <description>Save</description>
                    <include>DefContextButtonGradient</include>
                </control>
                <control type="button" id="8">
                    <align>left</align>
                    <label>192</label>
                    <description>Clear</description>
                    <include>DefContextButtonGradient</include>
                </control>
            </control>
        </control>

    </controls>
</window>
