<?xml version="1.0" encoding="UTF-8"?>
<!-- Foundation -->
<window id="6">
    <defaultcontrol always="true">50</defaultcontrol>
    <menucontrol>9000</menucontrol>
    <views>50</views>
    <controls>
        <include>GlobalBackground</include>
        <include>View_50_List_Square_Playlist</include>
        <include>Furniture_NowPlaying</include>
        <include>Furniture_Header</include>
        <include>Furniture_Clock</include>
        <include>Furniture_Flags</include>
        <include>Furniture_Weather</include>
        <control type="group">
            <include>Animation.FadeIn</include>
            <include>Animation.FadeOut</include>
            <visible>ControlGroup(9000).HasFocus()</visible>
            <include>GlobalOverlay</include>
        </control>
        <control type="group">
            <height>480</height>
            <include>Def9000Background</include>
            <control type="group">
                <left>22</left>
                <top>22</top>
                <control type="label">
                    <description>Header Label</description>
                    <left>70</left>
                    <width>1000</width>
                    <posy>0</posy>
                    <include>FontTop</include>
                    <textcolor>Dark2</textcolor>
                    <label>14018</label>
                </control>
                <include>Kodi_Logo</include>

                <!-- Lines -->
                <control type="image">
                    <top>70</top>
                    <left>17</left>
                    <width>385</width>
                    <height>1</height>
                    <bottom>10</bottom>
                    <colordiffuse>Black12</colordiffuse>
                    <texture>common/white.png</texture>
                </control>
            </control>
            <control type="group">
                <control type="image">
                    <description>arrow image</description>
                    <centerleft>50%</centerleft>
                    <posy>-16</posy>
                    <width>16</width>
                    <height>16</height>
                    <texture colordiffuse="White70" flipy="true">common/arrow-small.png</texture>
                </control>
                <control type="image">
                    <description>arrow image</description>
                    <centerleft>50%</centerleft>
                    <posy>480</posy>
                    <width>16</width>
                    <height>16</height>
                    <texture colordiffuse="White70" flipy="false">common/arrow-small.png</texture>
                </control>
            </control>
            <include content="Def_Gradient_Settings_Image">
                <param name="controlid" value="9000"/>
                <param name="left" value="8"/>
                <param name="top" value="112"/>
                <param name="width" value="450"/>
            </include>
            <control type="grouplist" id="9000">
                <onleft>50</onleft>
                <onright>50</onright>
                <onback>50</onback>
                <include>Def9000GroupList</include>
                <top>112</top>
                <scrolltime>0</scrolltime>
                <control type="button" id="2">
                    <description>View</description>
                    <include>DefContextButtonGradient</include>
                    <align>left</align>
                </control>
                <control type="button" id="3">
                    <description>Sort</description>
                    <include>DefContextButtonGradient</include>
                    <align>left</align>
                </control>
                <control type="togglebutton" id="4">
                    <description>Ascending</description>
                    <include>DefContextButtonGradient</include>
                    <align>left</align>
                    <label>584</label>
                    <altlabel>585</altlabel>
                </control>
                <control type="radiobutton" id="9028">
                    <include>DefContextButtonGradient</include>
                    <align>left</align>
                    <label>31264</label>
                    <selected>Skin.HasSetting(511ListInfo)</selected>
                    <onclick>Skin.ToggleSetting(511ListInfo)</onclick>
                </control>
                <control type="radiobutton" id="9029">
                    <include>DefContextButtonGradient</include>
                    <align>left</align>
                    <label>31366</label>
                    <selected>Skin.HasSetting(list.show.filename)</selected>
                    <onclick>Skin.ToggleSetting(list.show.filename)</onclick>
                    <visible>Skin.HasSetting(511ListInfo)</visible>
                </control>
                <control type="radiobutton" id="20">
                    <description>Shuffle</description>
                    <include>DefContextButtonGradient</include>
                    <align>left</align>
                    <label>191</label>
                </control>
                <control type="button" id="26">
                    <description>Repeat</description>
                    <include>DefContextButtonGradient</include>
                    <align>left</align>
                    <label>486</label>
                </control>
                <control type="button" id="21">
                    <description>Save</description>
                    <include>DefContextButtonGradient</include>
                    <align>left</align>
                    <label>190</label>
                </control>
                <control type="button" id="22">
                    <description>Clear</description>
                    <include>DefContextButtonGradient</include>
                    <align>left</align>
                    <label>192</label>
                </control>
                <control type="button" id="23">
                    <description>Play</description>
                    <include>DefContextButtonGradient</include>
                    <align>left</align>
                    <label>208</label>
                </control>
            </control>
        </control>
    </controls>
</window>
