<?xml version="1.0" encoding="UTF-8"?>
<!-- Foundation -->
<window>
    <onload>SetProperty(SkinInitStarted,1,home)</onload>
    <onload condition="!Skin.HasSetting(TMDbHelper.Service)">Skin.ToggleSetting(TMDbHelper.Service)</onload>
    <onload condition="!Skin.HasSetting(SkinHelper.EnableAnimatedPosters)">Skin.SetBool(SkinHelper.EnableAnimatedPosters)</onload>
    <onload condition="!Skin.HasSetting(SkinHelper.EnablePVRThumbs)">Skin.SetBool(SkinHelper.EnablePVRThumbs)</onload>
    <onload condition="!Skin.HasSetting(SkinHelper.EnableMusicArt)">Skin.SetBool(SkinHelper.EnableMusicArt)</onload>
    <onload condition="!Skin.String(colorbox_effect)">Skin.SetString(colorbox_effect,blur)</onload>
    <onload condition="!Skin.String(colorbox_quality)">Skin.SetString(colorbox_quality,4)</onload>
    <onload condition="!Skin.String(colorbox_blursize)">Skin.SetString(colorbox_blursize,30)</onload>
    <onload condition="!Skin.String(colorbox_bitsize)">Skin.SetString(colorbox_bitsize,1)</onload>
    <onload condition="!Skin.String(colorbox_pixelsize)">Skin.SetString(colorbox_pixelsize,15)</onload>
    <onload condition="!Skin.String(colorbox_black)">Skin.SetString(colorbox_black,000000)</onload>
    <onload condition="!Skin.String(colorbox_white)">Skin.SetString(colorbox_white,ffffff)</onload>
    <onload>Skin.SetString(colorbox_main,main:fhls*-;0.45;0.9)</onload>
    <onload>Skin.SetString(colorbox_comp,main:hls*0.75;0;0@fhls*-;0.45;0.9)</onload>
    <onload condition="System.AddonIsEnabled(script.litebox) + Skin.HasSetting(EnableEffects)">RunScript(script.litebox,daemon=True)</onload>
    <onload condition="Skin.HasSetting(EnableEffects)">SetProperty(FIVE_daemon_set,$INFO[Skin.String(colorbox_effect)],home)</onload>
    <onload condition="System.AddonIsEnabled(script.litebox)">AlarmClock(nms1,SetProperty(NINE_manual_set,"var=main,set=$INFO[Skin.String(colorbox_main)]|var=comp,set=$INFO[Skin.String(colorbox_comp)]|var=quality,set=$INFO[Skin.String(colorbox_quality)]|var=blursize,set=$INFO[Skin.String(colorbox_blursize)]|var=bitsize,set=$INFO[Skin.String(colorbox_bitsize)]|var=pixelsize,set=$INFO[Skin.String(colorbox_pixelsize)]|var=black,set=$INFO[Skin.String(colorbox_black)]|var=white,set=$INFO[Skin.String(colorbox_white)]",home),00:05,true)</onload>    
    <onload condition="Skin.HasSetting(lock.skinsettings) + !String.IsEqual(Skin.String(skincolors),SKINDEFAULT) + !String.IsEmpty(Skin.String(skincolors))">RunScript(script.embuary.helper,action=setkodisetting,setting=lookandfeel.skincolors,value=$INFO[Skin.String(skincolors)])</onload>
    <onload condition="Skin.HasSetting(lock.skinsettings) + !String.IsEqual(Skin.String(skintheme),SKINDEFAULT) + !String.IsEmpty(Skin.String(skintheme))">RunScript(script.embuary.helper,action=setkodisetting,setting=lookandfeel.skintheme,value=$INFO[Skin.String(skintheme)])</onload>
    <onload condition="Skin.HasSetting(lock.skinsettings) + !String.IsEqual(Skin.String(skinfont),SKINDEFAULT) + !String.IsEmpty(Skin.String(skinfont))">RunScript(script.embuary.helper,action=setkodisetting,setting=lookandfeel.font,value=$INFO[Skin.String(skinfont)])</onload>
    <onload condition="System.AddonIsEnabled(script.skin.info.service)">RunScript(script.skin.info.service)</onload>

    <!-- First start settings -->
    <onload condition="!Skin.HasSetting(startup.init)">Skin.SetBool(global.hidecirles)</onload>
    <onload condition="!Skin.HasSetting(startup.init)">Skin.SetBool(home.modernwidgets)</onload>
    <onload condition="!Skin.HasSetting(startup.init)">Skin.SetBool(home.vertical.widgets)</onload>
    <onload condition="!Skin.HasSetting(startup.init)">Skin.SetBool(homemenu.netflix)</onload>
    <onload condition="!Skin.HasSetting(startup.init)">Skin.SetBool(furniture.flagicons)</onload>
    <onload condition="!Skin.HasSetting(startup.init)">Skin.SetBool(furniture.coloredicons)</onload>
    <onload condition="!Skin.HasSetting(startup.init)">Skin.SetBool(show.reflections)</onload>
    <onload condition="!Skin.HasSetting(startup.init)">Skin.SetBool(home.widgets.show.reflections)</onload>
    <onload condition="!Skin.HasSetting(startup.init)">Skin.SetBool(furniture.markers.alternative)</onload>    
    <onload condition="!Skin.HasSetting(startup.init)">Skin.SetBool(511ListInfo)</onload>
    <onload condition="!Skin.HasSetting(startup.init)">Skin.SetBool(no.homemenu.clear)</onload>
    <onload condition="!Skin.HasSetting(startup.init)">Skin.SetString(squarecolor2.name,ff00b36c)</onload>
    <onload condition="!Skin.HasSetting(startup.init)">Skin.SetString(focuscolorotherbar.name,ff00b36c)</onload>    
    <onload condition="!Skin.HasSetting(startup.init)">Skin.SetString(kodilogocolor.name,ff0385B5)</onload>
    <onload condition="!Skin.HasSetting(startup.init)">Skin.SetString(kodilogocolorgradient.name,ff00b36c)</onload>
    <onload condition="!Skin.HasSetting(startup.init)">Skin.SetString(WidgetLimit,25)</onload>
    <onload condition="!Skin.HasSetting(startup.init)">Skin.SetString(HubLimit,25)</onload>
    <onload condition="!Skin.HasSetting(startup.init)">Skin.SetBool(startup.init)</onload>
    
    <!-- Go home -->
    <onload condition="!Skin.HasSetting(disable.startup.window)">ReplaceWindow(1150)</onload>
    <onload condition="Skin.HasSetting(disable.startup.window)">ReplaceWindow($INFO[System.StartupWindow])</onload>    
    
    <controls/>
</window>
