<?xml version="1.0" encoding="UTF-8"?>
<!-- Foundation -->
<includes>

    <include name="ProgressCircle">
        <param name="progresstvshowvisible" value="$PARAM[progresstvshowvisible]" default="true"/>
        <param name="top" value="$PARAM[top]" default="500"/>
        <param name="left" value="$PARAM[left]" default="410"/>
        <definition>
            <control type="group">
                <top>$PARAM[top]</top>
                <left>$PARAM[left]</left>
                <width>159</width>
                <height>159</height>
                <visible>Skin.HasSetting(furniture.overlayinfobalken)</visible>
                <visible>!String.IsEqual(ListItem.Label,..) + !String.IsEqual(ListItem.DBType,set)</visible>
                <control type="image" description="Back">
                    <width>159</width>
                    <height>159</height>
                    <texture diffuse="diffuse/diffuse_progress_big.png" border="0">progress/back3.png</texture>
                </control>
                <control type="group">
                    <visible>Container.Content(movies) | String.IsEqual(ListItem.DBType,episode)</visible>
                    <control type="image">
                        <visible>ListItem.IsResumable</visible>
                        <width>159</width>
                        <height>159</height>
                        <texture diffuse="diffuse/diffuse_progress_big.png" colordiffuse="$VAR[ColorHighlight]">$INFO[ListItem.PercentPlayed,progress/circle/p,.png]</texture>
                    </control>
                    <control type="image">
                        <visible>String.Contains(ListItem.Overlay,OverlayWatched.png) + !ListItem.IsResumable</visible>
                        <width>159</width>
                        <height>159</height>
                        <texture diffuse="diffuse/diffuse_progress_big.png" colordiffuse="$VAR[ColorHighlight]">progress/tvshows/p100.png</texture>
                    </control>
                </control>
                <control type="image">
                    <visible>$PARAM[progresstvshowvisible]</visible>
                    <width>159</width>
                    <height>159</height>
                    <texture diffuse="diffuse/diffuse_progress_big.png" colordiffuse="$VAR[ColorHighlight]">progress/tvshows/p$INFO[Window(home).Property(MyResult)].png</texture>
                    <visible>String.IsEqual(ListItem.DBType,tvshow) | String.IsEqual(ListItem.DBType,season)</visible>
                    <include>Animation.SwitchCalculation</include>
                    <visible>!String.IsEmpty(Window(home).Property(MyResult))</visible>
                </control>
                <control type="label">
                    <include>Animation.SwitchText</include>
                    <width>159</width>
                    <centertop>49%</centertop>
                    <align>center</align>
                    <label>$VAR[ProgressCircleLabel]</label>
                    <font>WatchedLabel</font>
                    <textcolor>Dark2</textcolor>
                    <selectedcolor>Dark2</selectedcolor>
                </control>
            </control>
        </definition>
    </include>

    <include name="View_507_Layout">
        <control type="image">
            <right>111</right>
            <width>1160</width>
            <height>646</height>
            <aspectratio aligny="center" align="center">scale</aspectratio>
            <texture fallback="DefaultMovies.png" diffuse="diffuse/bigwiderolodex_new.png" border="0" background="true">$VAR[FanartImageFanart]</texture>
            <visible>true</visible>
        </control>
        <control type="group">
            <visible>Skin.HasSetting(507.noscrolling)</visible>
            <left>59</left>
            <height>650</height>
            <width>538</width>
            <control type="label">
                <top>14</top>
                <aligny>center</aligny>
                <height>64</height>
                <font>SmallBold</font>
                <textcolor>Dark1</textcolor>
                <selectedcolor>Dark1</selectedcolor>
                <label>$INFO[ListItem.Label]</label>
                <include condition="Skin.HasSetting(views.label.autoscroll)">LabelScroll</include>
            </control>
            <control type="label">
                <top>56</top>
                <height>64</height>
                <aligny>center</aligny>
                <font>Small333</font>
                <textcolor>Dark1</textcolor>
                <selectedcolor>Dark1</selectedcolor>
                <label>$VAR[LabelGenre]</label>
            </control>
            <control type="textbox">
                <top>136</top>
                <bottom>17</bottom>
                <font>TinyPlot</font>
                <height>360</height>
                <textcolor>Dark2</textcolor>
                <selectedcolor>Dark1</selectedcolor>
                <label>$INFO[ListItem.Plot]</label>
                <align>justify</align>
                <autoscroll>false</autoscroll>
            </control>
            <control type="label">
                <posy>570</posy>
                <width>450</width>
                <font>Small333</font>
                <textcolor>Dark1</textcolor>
                <label>$INFO[ListItem.RatingAndVotes]</label>
                <selectedcolor>Dark1</selectedcolor>
                <visible>!Skin.HasSetting(furniture.numericrating) + !String.IsEqual(ListItem.Label,..) + !Skin.HasSetting(hidevotesfanart)</visible>
            </control>
            <control type="label">
                <posy>570</posy>
                <width>450</width>
                <font>Small333</font>
                <textcolor>Dark1</textcolor>
                <label>$INFO[ListItem.Votes,, $LOCALIZE[205]]</label>
                <selectedcolor>Dark1</selectedcolor>
                <visible>Skin.HasSetting(furniture.numericrating) + !String.IsEqual(ListItem.Label,..) + !Skin.HasSetting(hidevotesfanart)</visible>
            </control>
            <include condition="Skin.HasSetting(furniture.overlayinfobalken)" content="ProgressCircle">
                <param name="progresstvshowvisible" value="false"/>
                <param name="left" value="415"/>
                <param name="top" value="495"/>
            </include>
            <control type="group">
                <animation effect="slide" start="0" end="0,40" time="0" condition="Skin.HasSetting(hidevotesfanart)">Conditional</animation>
                <control type="group">
                    <top>460</top>
                    <width>1050</width>
                    <visible>!String.IsEqual(ListItem.Label,..)</visible>
                    <visible>!Skin.HasSetting(furniture.numericrating)</visible>
                    <include content="Def_Flag">
                        <param name="Star" value="Flagstar1" />
                    </include>
                    <include content="Def_Flag">
                        <param name="Star" value="Flagstar2" />
                        <param name="left" value="50" />
                    </include>
                    <include content="Def_Flag">
                        <param name="Star" value="Flagstar3" />
                        <param name="left" value="100" />
                    </include>
                    <include content="Def_Flag">
                        <param name="Star" value="Flagstar4" />
                        <param name="left" value="150" />
                    </include>
                    <include content="Def_Flag">
                        <param name="Star" value="Flagstar5" />
                        <param name="left" value="200" />
                    </include>
                </control>
                <control type="group">
                    <top>460</top>
                    <width>1050</width>
                    <visible>Skin.HasSetting(furniture.numericrating)</visible>
                    <visible>!String.IsEqual(ListItem.Label,..)</visible>
                    <include content="Def_Flag">
                        <param name="Star" value="Flagstar1" />
                    </include>
                    <control type="label">
                        <left>45</left>
                        <width min="48">auto</width>
                        <centertop>50%</centertop>
                        <height>64</height>
                        <align>left</align>
                        <aligny>center</aligny>
                        <label>$INFO[ListItem.Rating]</label>
                        <visible>!String.IsEqual(ListItem.Label,..)</visible>
                        <font>Flag</font>
                        <textcolor>Dark1</textcolor>
                    </control>
                </control>
            </control>
        </control>
    </include>

    <include name="View_507_Fanart2">
        <description>List View (id=507)</description>
        <control type="group">
            <visible>Control.IsVisible(507)</visible>
            <include>ViewSlideForJumpBar</include>
            <control type="group">
                <visible>Control.IsVisible(507)</visible>
                <include>Animation.Common</include>
                <control type="group">
                    <left>70</left>
                    <control type="group">
                        <top>185</top>
                        <left>-26</left>
                        <control type="group">
                            <control type="image">
                                <left>17</left>
                                <top>1</top>
                                <width>1813</width>
                                <height>30</height>
                                <texture background="true">common/$VAR[background_top]</texture>
                            </control>
                            <control type="image">
                                <left>17</left>
                                <top>679</top>
                                <width>1813</width>
                                <height>30</height>
                                <texture background="true" flipy="true">common/$VAR[background_top]</texture>
                            </control>
                            <control type="image">
                                <left>9</left>
                                <top>33</top>
                                <width>30</width>
                                <height>650</height>
                                <texture background="true">common/$VAR[background_side]</texture>
                            </control>
                            <control type="image">
                                <left>1796</left>
                                <top>33</top>
                                <width>30</width>
                                <height>650</height>
                                <texture background="true" flipx="true">common/$VAR[background_side]</texture>
                            </control>
                        </control>
                        <control type="image">
                            <width>1758</width>
                            <height>647</height>
                            <top>32</top>
                            <left>36</left>
                            <texture colordiffuse="InfoBackground" diffuse="diffuse/pvrinfo.png" background="true" border="12">misc/Bild2Inlay.png</texture>
                        </control>
                        <control type="image">
                            <right>SidePad</right>
                            <width>1160</width>
                            <height>647</height>
                            <top>32</top>
                            <texture colordiffuse="Fallback" border="5" background="true">common/box.png</texture>
                        </control>
                    </control>
                    <visible>Control.IsVisible(507)</visible>
                    <control type="group">
                        <control type="wraplist" id="507">
                            <visible>Container.Content(movies) | Container.Content(musicvideos) | Container.Content(tvshows) | Container.Content(episodes) | Container.Content(seasons) | Container.Content(sets) | Container.Content(videos)</visible>
                            <top>217</top>
                            <left>-20</left>
                            <width>1980</width>
                            <height>646</height>
                            <onleft condition="!Skin.HasSetting(global.kioskmode)">9000</onleft>
                            <onright>1600</onright>
                            <onup>500</onup>
                            <ondown>500</ondown>
                            <preloaditems>2</preloaditems>
                            <pagecontrol>1600</pagecontrol>
                            <orientation>vertical</orientation>
                            <include content="forced_view" condition="Skin.HasSetting(enable.forcedviews)">
                                <param name="string" value="$LOCALIZE[31265]" />
                            </include>
                            <viewtype label="31265">wraplist</viewtype>
                            <include>ScrolltimeViewsList</include>
                            <itemlayout height="646" width="1900">
                                <include>View_507_Layout</include>
                            </itemlayout>
                            <focusedlayout height="646" width="1900">
                                <include>View_507_Layout</include>
                                <control type="button">
                                    <visible>false</visible>
                                    <onfocus>ClearProperty(MyResult,home)</onfocus>
                                    <onfocus condition="[String.IsEqual(ListItem.DBType,tvshow) | String.IsEqual(ListItem.DBType,season)] + Skin.HasSetting(furniture.overlayinfobalken)">AlarmClock(Calculation,RunScript(script.embuary.helper,action=calc,do='"round($INFO[ListItem.Property(WatchedEpisodes)] * 100 / $INFO[ListItem.Property(TotalEpisodes)])"',prop=MyResult),00:01,silent)</onfocus>
                                    <onunfocus condition="System.HasAlarm(Calculation)">CancelAlarm(Calculation,true)</onunfocus>
                                </control>
                            </focusedlayout>
                        </control>
                    </control>
                    <control type="image">
                        <left>10</left>
                        <top>216</top>
                        <right>SidePad</right>
                        <bottom>216</bottom>
                        <texture colordiffuse="Box2" border="4" background="true">common/box21.png</texture>
                        <visible>!Skin.HasSetting(thumbnails.white)</visible>
                    </control>
                    <control type="scrollbar" id="1600">
                        <include content="scrollbar_vertical">
                            <param name="scrollid" value="1600"/>
                            <param name="height" value="648"/>
                        </include>
                    </control>
                </control>
                <control type="group">
                    <visible>Control.IsVisible(507)</visible>
                    <include content="IndicatorPoster">
                        <param name="right" value="71" />
                        <param name="top" value="207" />
                        <param name="indicatorbackground" value="true" />
                    </include>
                    <control type="group">
                        <visible>!Skin.HasSetting(507.noscrolling)</visible>
                        <left>109</left>
                        <top>217</top>
                        <height>650</height>
                        <width>538</width>
                        <control type="label">
                            <top>14</top>
                            <aligny>center</aligny>
                            <height>64</height>
                            <font>SmallBold</font>
                            <textcolor>Dark1</textcolor>
                            <selectedcolor>Dark1</selectedcolor>
                            <label>$INFO[ListItem.Label]</label>
                            <include condition="Skin.HasSetting(views.label.autoscroll)">LabelScroll</include>
                        </control>
                        <control type="label">
                            <top>56</top>
                            <height>64</height>
                            <aligny>center</aligny>
                            <font>Small333</font>
                            <textcolor>Dark1</textcolor>
                            <selectedcolor>Dark1</selectedcolor>
                            <label>$VAR[LabelGenre]</label>
                        </control>
                        <control type="textbox">
                            <top>136</top>
                            <bottom>17</bottom>
                            <font>TinyPlot</font>
                            <height>360</height>
                            <textcolor>Dark2</textcolor>
                            <selectedcolor>Dark1</selectedcolor>
                            <label>$INFO[ListItem.Plot]</label>
                            <align>justify</align>
                            <autoscroll>false</autoscroll>
                        </control>
                        <control type="label">
                            <posy>570</posy>
                            <width>450</width>
                            <font>Small333</font>
                            <textcolor>Dark1</textcolor>
                            <label>$INFO[ListItem.RatingAndVotes]</label>
                            <selectedcolor>Dark1</selectedcolor>
                            <visible>!Skin.HasSetting(furniture.numericrating) + !String.IsEqual(ListItem.Label,..) + !Skin.HasSetting(hidevotesfanart)</visible>
                        </control>
                        <control type="label">
                            <posy>570</posy>
                            <width>450</width>
                            <font>Small333</font>
                            <textcolor>Dark1</textcolor>
                            <label>$INFO[ListItem.Votes,, $LOCALIZE[205]]</label>
                            <selectedcolor>Dark1</selectedcolor>
                            <visible>Skin.HasSetting(furniture.numericrating) + !String.IsEqual(ListItem.Label,..) + !Skin.HasSetting(hidevotesfanart)</visible>
                        </control>
                        <include condition="Skin.HasSetting(furniture.overlayinfobalken)" content="ProgressCircle">
                            <param name="left" value="415"/>
                            <param name="top" value="495"/>
                        </include>
                        <control type="group">
                            <animation effect="slide" start="0" end="0,40" time="250" condition="Skin.HasSetting(hidevotesfanart)">Conditional</animation>
                            <control type="group">
                                <visible>!Skin.HasSetting(furniture.numericrating)</visible>
                                <top>460</top>
                                <width>1050</width>
                                <visible>!String.IsEqual(ListItem.Label,..)</visible>
                                <visible>!Skin.HasSetting(furniture.numericrating)</visible>
                                <include content="Def_Flag">
                                    <param name="Star" value="Flagstar1" />
                                </include>
                                <include content="Def_Flag">
                                    <param name="Star" value="Flagstar2" />
                                    <param name="left" value="50" />
                                </include>
                                <include content="Def_Flag">
                                    <param name="Star" value="Flagstar3" />
                                    <param name="left" value="100" />
                                </include>
                                <include content="Def_Flag">
                                    <param name="Star" value="Flagstar4" />
                                    <param name="left" value="150" />
                                </include>
                                <include content="Def_Flag">
                                    <param name="Star" value="Flagstar5" />
                                    <param name="left" value="200" />
                                </include>
                            </control>
                            <control type="group">
                                <top>460</top>
                                <width>1050</width>
                                <visible>Skin.HasSetting(furniture.numericrating)</visible>
                                <visible>!String.IsEqual(ListItem.Label,..)</visible>
                                <include content="Def_Flag">
                                    <param name="Star" value="Flagstar1" />
                                </include>
                                <control type="label">
                                    <left>45</left>
                                    <width min="48">auto</width>
                                    <centertop>50%</centertop>
                                    <height>64</height>
                                    <align>left</align>
                                    <aligny>center</aligny>
                                    <label>$INFO[ListItem.Rating]</label>
                                    <visible>!String.IsEqual(ListItem.Label,..)</visible>
                                    <font>Flag</font>
                                    <textcolor>Dark1</textcolor>
                                </control>
                            </control>
                        </control>
                    </control>
                    <control type="group">
                        <left>309</left>
                        <top>207</top>
                        <control type="image">
                            <visible>!String.IsEqual(ListItem.Label,..) + !String.IsEmpty(ListItem.Art(discart)) + Skin.HasSetting(discartfanart)</visible>
                            <posx>1157</posx>
                            <posy>438</posy>
                            <width>235</width>
                            <height>235</height>
                            <fadetime>1000</fadetime>
                            <texture>$INFO[ListItem.Art(discart)]</texture>
                            <animation type="Conditional" condition="!Container(507).OnNext + !Container(507).OnPrevious">
                                <effect type="fade" start="0" end="100" time="50" delay="1000"/>
                            </animation>
                            <animation type="Conditional" condition="!Container(507).OnNext + !Container(507).OnPrevious">
                                <effect type="slide" start="110" end="-7" time="500" delay="2000" tween="cubic"/>
                            </animation>
                            <animation type="Visible" reversible="false">
                                <effect type="fade" start="0" end="100" time="1500" tween="cubic"/>
                            </animation>
                            <animation type="Hidden" reversible="false">
                                <effect type="fade" start="100" end="0" time="500" tween="cubic"/>
                            </animation>
                        </control>
                        <control type="image">
                            <visible>!String.IsEqual(ListItem.Label,..)</visible>
                            <right>100</right>
                            <bottom>195</bottom>
                            <width>242</width>
                            <height>363</height>
                            <fadetime>PosterFanartFadetime</fadetime>
                            <aspectratio align="center" aligny="center" scalediffuse="false">scale</aspectratio>
                            <texture background="true" diffuse="diffuse/widgetposter_new.png">$VAR[PosterImage]</texture>
                            <visible>!String.IsEqual(ListItem.Label,..) + Skin.HasSetting(ModernCase)</visible>
                        </control>
                        <control type="image">
                            <visible>!String.IsEqual(ListItem.Label,..)</visible>
                            <right>100</right>
                            <bottom>195</bottom>
                            <width>242</width>
                            <height>363</height>
                            <fadetime>PosterFanartFadetime</fadetime>
                            <aspectratio align="center" aligny="center" scalediffuse="false">scale</aspectratio>
                            <texture background="true">$VAR[PosterImage]</texture>
                            <visible>!String.IsEqual(ListItem.Label,..) + !Skin.HasSetting(ModernCase)</visible>
                        </control>
                        <control type="image">
                            <right>86</right>
                            <bottom>176</bottom>
                            <width>274</width>
                            <height>392</height>
                            <texture>misc/poster_glass2.png</texture>
                            <visible>!String.IsEqual(ListItem.Label,..) + Skin.HasSetting(ModernCase)</visible>
                        </control>
                        <control type="image">
                            <right>99</right>
                            <bottom>193</bottom>
                            <width>244</width>
                            <height>367</height>
                            <texture>misc/br-case.png</texture>
                            <visible>!String.IsEqual(ListItem.Label,..) + !Skin.HasSetting(ModernCase)</visible>
                        </control>
                    </control>
                    <control type="image">
                        <include>Animation.DelayFadeIn</include>
                        <top>190</top>
                        <left>930</left>
                        <width>16</width>
                        <height>16</height>
                        <texture colordiffuse="Dark1" flipy="true">common/arrow-small.png</texture>
                        <animation effect="zoom" center="auto" pulse="true" start="100" end="170" time="200" delay="2000" condition="String.IsEqual(ListItem.Label,..)">Conditional</animation>
                    </control>
                    <control type="image">
                        <include>Animation.DelayFadeIn</include>
                        <top>875</top>
                        <left>930</left>
                        <width>16</width>
                        <height>16</height>
                        <texture colordiffuse="Dark1" flipy="false">common/arrow-small.png</texture>
                        <animation effect="zoom" center="auto" pulse="true" start="100" end="170" time="200" delay="2000" condition="String.IsEqual(ListItem.Label,..)">Conditional</animation>
                    </control>
                </control>
            </control>
        </control>
    </include>
</includes>