<?xml version="1.0" encoding="UTF-8"?>
<!-- Foundation -->
<includes>

    <include name="View_503_Poster_Square">
        <description>List View (id=503)</description>
        <control type="group">
            <include>Animation.Common</include>
            <visible>Control.IsVisible(503)</visible>
            <control type="fixedlist" id="503">
                <visible>String.Contains(Container.FolderPath,plugin://plugin.program.advanced.launcher/,left) | Container.Content(musicvideos) | Container.Content(albums) | Container.Content(songs)</visible>
                <posy>239</posy>
                <posx>-190</posx>
                <width>2300</width>
                <onup condition="!Skin.HasSetting(global.kioskmode)">9000</onup>
                <ondown>1636</ondown>
                <onleft>503</onleft>
                <onright>503</onright>
                <focusposition>1</focusposition>
                <preloaditems>0</preloaditems>
                <pagecontrol>1636</pagecontrol>
                <orientation>horizontal</orientation>
                <include content="forced_view" condition="Skin.HasSetting(enable.forcedviews)">
                    <param name="string" value="$LOCALIZE[31428]" />
                </include>
                <viewtype label="31428">list</viewtype>
                <include>ScrolltimeViewsList</include>
                <itemlayout width="270">
                    <control type="group">
                        <animation effect="Conditional" condition="true">
                            <effect type="zoom" end="60" time="0" center="213,452"/>
                        </animation>
                        <control type="image">
                            <centertop>PosterW</centertop>
                            <width>PosterW</width>
                            <height>48</height>
                            <aspectratio>stretch</aspectratio>
                            <texture>diffuse/shadowspot.png</texture>
                        </control>
                        <control type="group">
                            <height>448</height>
                            <left>-8</left>
                            <top>-8</top>
                            <width>448</width>
                            <include content="include.widget.poster">
                                <param name="id" value="503"/>
                                <param name="height" value="448"/>
                                <param name="reflections" value="Skin.HasSetting(show.reflections)"/>
                                <param name="top" value="430"/>
                                <param name="height_reflection" value="448"/>
                            </include>
                        </control>
                    </control>
                </itemlayout>
                <focusedlayout width="300">
                    <control type="group">
                        <posy>120</posy>
                        <animation condition="Container(503).OnNext | Container(503).OnPrevious" effect="zoom" start="60" end="100" delay="0" time="350" tween="sine" easing="out" center="213,276">Focus</animation>
                        <animation condition="Container(503).OnNext | Container(503).OnPrevious" effect="zoom" start="100" end="60" delay="0" time="250" tween="sine" easing="out" center="213,276">UnFocus</animation>
                        <control type="image">
                            <centertop>PosterW</centertop>
                            <width>PosterW</width>
                            <height>48</height>
                            <aspectratio>stretch</aspectratio>
                            <texture>diffuse/shadowspot.png</texture>
                        </control>
                        <control type="group">
                            <height>448</height>
                            <left>-8</left>
                            <top>-8</top>
                            <width>448</width>
                            <include content="include.widget.poster">
                                <param name="id" value="503"/>
                                <param name="height" value="448"/>
                                <param name="reflections" value="Skin.HasSetting(show.reflections)"/>
                                <param name="top" value="430"/>
                                <param name="height_reflection" value="448"/>
                            </include>
                        </control>
                    </control>
                </focusedlayout>
            </control>
            <control type="scrollbar" id="1636">
                <include content="scrollbar_hor">
                    <param name="scrollid" value="1636"/>
                    <param name="bottom" value="266"/>
                </include>
            </control>
            <control type="grouplist">
                <left>540</left>
                <right>SidePad</right>
                <top>700</top>
                <orientation>vertical</orientation>
                <visible>![Container(503).OnNext | Container(503).OnPrevious]</visible>
                <animation effect="fade" start="0" end="100" delay="450" time="250" reversible="false">Visible</animation>
                <control type="label">
                    <font>SmallBold</font>
                    <label>$INFO[ListItem.Album]$INFO[ListItem.Year, (,)]</label>
                    <textcolor>Dark1</textcolor>
                    <height>35</height>
                    <aligny>top</aligny>
                    <visible>!Container.Content(songs)</visible>
                </control>
                <control type="label">
                    <font>SmallBold</font>
                    <label>$INFO[ListItem.Title]</label>
                    <textcolor>Dark1</textcolor>
                    <height>35</height>
                    <aligny>top</aligny>
                    <visible>Container.Content(songs)</visible>
                </control>
                <control type="label">
                    <font>Tiny</font>
                    <label>$INFO[ListItem.Artist]</label>
                    <textcolor>Dark1</textcolor>
                    <height>42</height>
                    <aligny>top</aligny>
                    <visible>!Skin.HasSetting(thumbnails.moreinfos)</visible>
                </control>
                <control type="label">
                    <font>Tiny</font>
                    <label>$INFO[ListItem.Artist]$INFO[ListItem.Genre,  •  ]</label>
                    <textcolor>Dark1</textcolor>
                    <height>42</height>
                    <aligny>top</aligny>
                    <visible>Skin.HasSetting(thumbnails.moreinfos)</visible>
                </control>
            </control>
        </control>
    </include>
</includes>
