<?xml version="1.0" encoding="UTF-8"?>
<!-- Foundation -->
<includes>

    <include name="View_519_Shift_Modern">
        <description>List View (id=509)</description>
        <control type="group">
            <include>Animation.Common</include>
            <include>ViewSlideForJumpBar</include>
            <visible>Control.IsVisible(519)</visible>
            <control type="label">
                <top>520</top>
                <left>SidePad</left>
                <description>Header Label</description>
                <textcolor>Dark1</textcolor>
                <font>SmallBold</font>
                <label fallback="19055">$INFO[ListItem.Title]</label>
            </control>
            <control type="list" id="519">
                <visible>Container.Content(movies) | Container.Content(musicvideos) | Container.Content(tvshows) | Container.Content(seasons) | Container.Content(sets) | Container.Content(videos)</visible>
                <top>180</top>
                <left>70</left>
                <width>1778</width>
                <height>395</height>
                <onup condition="!Skin.HasSetting(global.kioskmode)">9000</onup>
                <ondown>1734</ondown>
                <orientation>horizontal</orientation>
                <preloaditems>2</preloaditems>
                <pagecontrol>1734</pagecontrol>
                <include content="forced_view" condition="Skin.HasSetting(enable.forcedviews)">
                    <param name="string" value="$LOCALIZE[31369]" />
                </include>
                <viewtype label="31369">list</viewtype>
                <include>ScrolltimeViewsList</include>
                <itemlayout height="395" width="222">
                    <control type="group">
                        <height>325</height>
                        <include content="include.widget.poster">
                            <param name="id" value="55"/>
                            <param name="indicatorbackground" value="true"/>
                            <param name="reflections" value="Skin.HasSetting(show.reflections)"/>
                        </include>
                    </control>
                </itemlayout>
                <focusedlayout height="395" width="222">
                    <control type="group">
                        <height>325</height>
                        <include content="include.widget.poster.focus">
                            <param name="id" value="519"/>
                            <param name="indicatorbackground" value="true"/>
                            <param name="reflections" value="Skin.HasSetting(show.reflections)"/>
                        </include>
                    </control>
                </focusedlayout>
            </control>
            <control type="scrollbar" id="1734">
                <include content="scrollbar_hor">
                    <param name="scrollid" value="1734"/>
                    <param name="bottom" value="560"/>
                </include>
            </control>
            <control type="grouplist">
                <left>SidePad</left>
                <top>600</top>
                <width>1322</width>
                <orientation>vertical</orientation>
                <top>683</top>
                <itemgap>3</itemgap>
                <control type="textbox">
                    <font>Tiny</font>
                    <height min="0" max="180">auto</height>
                    <textcolor>Dark2</textcolor>
                    <selectedcolor>Dark2</selectedcolor>
                    <label>$INFO[ListItem.Plot]</label>
                </control>
                <control type="label">
                    <font>Tiny</font>
                    <textcolor>Dark2</textcolor>
                    <label>$VAR[509_Row_1]</label>
                </control>
            </control>
            <control type="image" description="clearlogo">
                <fadetime>ClearArtFadetime</fadetime>
                <top>662</top>
                <right>SidePad</right>
                <width>350</width>
                <aspectratio scalediffuse="true" align="left" aligny="top">keep</aspectratio>
                <texture background="true">$INFO[ListItem.Art(clearart)]</texture>
            </control>
            <control type="image" description="Shadow">
                <width>350</width>
                <right>SidePad</right>
                <height>1</height>
                <bottom>220</bottom>
                <texture flipy="true" colordiffuse="BoxHomerow">common/sch2.png</texture>
                <visible>!String.IsEmpty(ListItem.Art(clearart))</visible>
            </control>
        </control>
    </include>
</includes>
