<?xml version="1.0" encoding="UTF-8"?>
<!-- Foundation -->
<includes>

    <include name="524Content">
        <visible>Container.Content(seasons)</visible>
        <include content="forced_view" condition="Skin.HasSetting(enable.forcedviews)">
            <param name="string" value="$LOCALIZE[31491] $LOCALIZE[33054]" />
        </include>
        <include content="def_top" condition="!Skin.HasSetting(home.widgets.show.reflections)">
            <param name="top" value="568" />
        </include>
        <include content="def_top" condition="Skin.HasSetting(home.widgets.show.reflections)">
            <param name="top" value="556" />
        </include>
        <left>70</left>
        <width>2120</width>
        <height>365</height>
        <onup condition="!Skin.HasSetting(global.kioskmode)">9000</onup>
        <ondown>1644</ondown>
        <orientation>horizontal</orientation>
        <preloaditems>2</preloaditems>
        <pagecontrol>1644</pagecontrol>
        <focusposition>0</focusposition>
        <viewtype label="$LOCALIZE[31491] $LOCALIZE[33054]">list</viewtype>
        <include>ScrolltimeViewsList</include>
        <itemlayout height="325" width="424">
            <include content="include.widget.season">
                <param name="id" value="524"/>
                <param name="reflections" value="Skin.HasSetting(show.reflections)"/>
            </include>
        </itemlayout>
        <focusedlayout height="325" width="424">
            <include content="include.widget.season.focus">
                <param name="id" value="524"/>
                <param name="reflections" value="Skin.HasSetting(show.reflections)"/>
            </include>
        </focusedlayout>
    </include>

    <include name="524Wrap">
        <control type="wraplist" id="524">
            <include>524Content</include>
        </control>
    </include>

    <include name="524Fixed">
        <control type="fixedlist" id="524">
            <include>524Content</include>
        </control>
    </include>

    <include name="View_524_Minimal_V2_Seasons">
        <description>List View (id=524)</description>
        <control type="group">
            <include>Animation.Common</include>
            <visible>Control.IsVisible(524)</visible>
            <include>View_522_Minimal_V2_Content</include>
            <control type="scrollbar" id="1644">
                <include content="scrollbar_hor">
                    <param name="showscroll" value="Skin.HasSetting(ShowScrollbar510)" />
                    <param name="scrollid" value="1644"/>
                    <param name="jumpbar" value="false"/>
                    <param name="bottom" value="184"/>
                </include>
            </control>
            <include condition="!Skin.HasSetting(53poster.nowrap)">524Wrap</include>
            <include condition="Skin.HasSetting(53poster.nowrap)">524Fixed</include>
        </control>
    </include>
</includes>