<?xml version="1.0" encoding="UTF-8" standalone="yes"?>
<addon id="script.module.mutagen" name="Mutagen" version="1.44.0+matrix.1" provider-name="Christoph Reiter">
  <requires>
    <import addon="xbmc.python" version="3.0.0"/>
  </requires>
  <extension point="xbmc.python.module" library="lib" />
  <extension point="xbmc.addon.metadata">
    <summary lang="en_GB">Library to handle audio metadata.</summary>
    <description lang="en_GB">Mutagen is a Python module to handle audio metadata.</description>
    <license>GPL-2.0-or-later</license>
    <platform>all</platform>
    <website>https://mutagen.readthedocs.io/en/latest/</website>
	<source>https://github.com/quodlibet/mutagen</source>
    <assets>
      <icon>icon.png</icon>
    </assets>
  </extension>
</addon>
