<?xml version="1.0" encoding="UTF-8" standalone="yes"?>
<addon id="serivce.stube"
       name="Stube Service"
       version="1.13.0+matrix.2"
       provider-name="TEAM STUBE">
  <requires>
    <import addon="xbmc.python"	version="3.0.0"/>
  </requires>
  <extension point="xbmc.python.module"
             library="lib" />
  <extension point="xbmc.addon.metadata">
    <summary lang="en_GB"></summary>
    <description lang="en_GB"></description>
    <platform>all</platform>
    <license>MIT</license>
    <source></source>
    <website></website>
    <assets>
      <icon>icon.png</icon>
    </assets>
  </extension>
</addon>
